"time","num"
989,5
989,7
989,31
989,33
989,36
989,39
988,5
988,6
988,10
988,22
988,34
988,41
987,3
987,14
987,15
987,24
987,25
987,36
986,4
986,11
986,17
986,30
986,36
986,43
985,3
985,11
985,19
985,26
985,29
985,38
984,14
984,23
984,24
984,28
984,37
984,38
983,15
983,19
983,32
983,35
983,36
983,38
982,15
982,19
982,21
982,22
982,29
982,40
981,14
981,19
981,22
981,23
981,31
981,37
980,15
980,20
980,23
980,35
980,38
980,42
979,9
979,12
979,16
979,18
979,27
979,38
978,3
978,11
978,19
978,30
978,38
978,42
977,10
977,15
977,17
977,27
977,42
977,43
976,6
976,13
976,22
976,28
976,42
976,43
975,3
975,11
975,13
975,27
975,29
975,36
974,2
974,3
974,29
974,30
974,32
974,43
973,1
973,5
973,6
973,12
973,30
973,31
972,2
972,7
972,17
972,18
972,21
972,40
971,2
971,3
971,4
971,12
971,22
971,29
970,2
970,4
970,18
970,23
970,31
970,38
969,3
969,9
969,19
969,22
969,23
969,40
968,6
968,10
968,15
968,20
968,23
968,26
967,1
967,11
967,26
967,30
967,32
967,40
966,10
966,22
966,31
966,34
966,36
966,43
965,10
965,12
965,19
965,20
965,21
965,22
964,2
964,21
964,23
964,29
964,30
964,43
963,4
963,23
963,29
963,31
963,32
963,35
962,4
962,6
962,10
962,24
962,32
962,37
961,5
961,11
961,17
961,18
961,19
961,25
960,5
960,18
960,23
960,32
960,35
960,39
959,1
959,16
959,18
959,28
959,36
959,38
958,9
958,18
958,23
958,24
958,26
958,30
957,2
957,11
957,22
957,32
957,36
957,42
956,1
956,4
956,6
956,22
956,24
956,38
955,14
955,19
955,27
955,28
955,37
955,42
954,3
954,23
954,24
954,28
954,29
954,42
953,2
953,9
953,17
953,38
953,39
953,42
952,10
952,16
952,22
952,25
952,31
952,39
951,11
951,15
951,22
951,23
951,26
951,30
950,2
950,6
950,16
950,24
950,30
950,41
949,5
949,19
949,26
949,36
949,39
949,43
948,7
948,16
948,17
948,28
948,39
948,43
947,1
947,6
947,21
947,23
947,27
947,40
946,2
946,9
946,12
946,16
946,31
946,36
945,3
945,10
945,15
945,23
945,36
945,37
944,7
944,20
944,25
944,29
944,33
944,37
943,9
943,10
943,14
943,15
943,39
943,43
942,2
942,3
942,14
942,27
942,28
942,38
941,5
941,12
941,22
941,29
941,38
941,39
940,1
940,18
940,28
940,31
940,35
940,37
939,8
939,11
939,15
939,17
939,26
939,43
938,5
938,9
938,12
938,19
938,30
938,35
937,13
937,15
937,21
937,25
937,36
937,41
936,1
936,3
936,12
936,16
936,20
936,35
935,2
935,12
935,14
935,26
935,38
935,43
934,3
934,7
934,16
934,17
934,20
934,32
933,5
933,9
933,20
933,21
933,31
933,41
932,4
932,15
932,30
932,37
932,42
932,43
931,14
931,18
931,19
931,24
931,25
931,33
930,10
930,12
930,37
930,39
930,40
930,43
929,10
929,12
929,15
929,25
929,31
929,34
928,1
928,21
928,23
928,26
928,31
928,33
927,2
927,29
927,30
927,31
927,33
927,34
926,16
926,26
926,32
926,35
926,37
926,39
925,25
925,26
925,27
925,28
925,32
925,37
924,13
924,20
924,24
924,32
924,35
924,42
923,5
923,13
923,30
923,31
923,32
923,35
922,4
922,6
922,19
922,32
922,33
922,38
921,5
921,7
921,26
921,36
921,38
921,39
920,9
920,17
920,27
920,30
920,35
920,38
919,2
919,9
919,12
919,17
919,33
919,42
918,10
918,15
918,25
918,29
918,34
918,36
917,2
917,6
917,25
917,26
917,41
917,42
916,6
916,14
916,25
916,27
916,38
916,43
915,7
915,12
915,21
915,33
915,38
915,40
914,2
914,3
914,26
914,33
914,36
914,40
913,5
913,8
913,20
913,31
913,36
913,41
912,5
912,14
912,19
912,20
912,32
912,42
911,8
911,16
911,18
911,22
911,27
911,35
910,11
910,12
910,13
910,17
910,25
910,33
909,12
909,15
909,21
909,27
909,30
909,35
908,6
908,14
908,21
908,22
908,23
908,30
907,5
907,13
907,18
907,22
907,27
907,41
906,6
906,9
906,12
906,13
906,30
906,40
905,4
905,15
905,24
905,40
905,41
905,42
904,2
904,4
904,6
904,15
904,21
904,41
903,1
903,3
903,6
903,7
903,16
903,19
902,11
902,21
902,26
902,31
902,32
902,33
901,6
901,13
901,22
901,28
901,29
901,37
900,8
900,12
900,21
900,22
900,31
900,35
899,3
899,10
899,15
899,18
899,27
899,40
898,13
898,17
898,21
898,25
898,29
898,37
897,8
897,10
897,14
897,15
897,27
897,30
896,5
896,6
896,21
896,27
896,32
896,38
895,5
895,12
895,24
895,25
895,37
895,38
894,4
894,5
894,9
894,20
894,21
894,32
893,10
893,12
893,26
893,28
893,29
893,37
892,14
892,19
892,31
892,35
892,40
892,43
891,7
891,9
891,14
891,30
891,42
891,43
890,1
890,4
890,6
890,14
890,28
890,31
889,2
889,10
889,21
889,28
889,41
889,43
888,2
888,4
888,9
888,36
888,37
888,39
887,3
887,4
887,6
887,18
887,32
887,37
886,7
886,10
886,13
886,23
886,34
886,39
885,22
885,28
885,33
885,36
885,37
885,41
884,2
884,7
884,25
884,26
884,38
884,42
883,10
883,16
883,25
883,29
883,38
883,42
882,5
882,15
882,23
882,26
882,30
882,36
881,4
881,6
881,12
881,18
881,28
881,41
880,1
880,8
880,11
880,16
880,25
880,32
879,24
879,27
879,34
879,35
879,36
879,43
878,5
878,14
878,16
878,22
878,25
878,40
877,3
877,14
877,17
877,32
877,35
877,43
876,11
876,12
876,18
876,25
876,35
876,39
875,4
875,5
875,11
875,13
875,22
875,25
874,2
874,8
874,21
874,27
874,33
874,37
873,4
873,22
873,26
873,27
873,32
873,43
872,6
872,10
872,17
872,18
872,19
872,24
871,3
871,10
871,11
871,13
871,20
871,27
870,1
870,11
870,14
870,21
870,23
870,39
869,5
869,7
869,23
869,24
869,37
869,38
868,5
868,18
868,19
868,26
868,31
868,43
867,2
867,14
867,21
867,26
867,37
867,38
866,1
866,3
866,10
866,21
866,29
866,43
865,5
865,7
865,8
865,12
865,23
865,25
864,19
864,21
864,24
864,28
864,32
864,40
863,4
863,14
863,18
863,26
863,35
863,36
862,5
862,10
862,16
862,34
862,36
862,39
861,4
861,17
861,21
861,28
861,35
861,42
860,14
860,16
860,32
860,35
860,38
860,41
859,1
859,12
859,15
859,17
859,21
859,36
858,3
858,14
858,29
858,32
858,33
858,42
857,1
857,3
857,6
857,17
857,28
857,42
856,10
856,24
856,32
856,34
856,38
856,40
855,10
855,13
855,15
855,25
855,37
855,42
854,4
854,11
854,14
854,18
854,25
854,37
853,2
853,9
853,22
853,26
853,31
853,35
852,3
852,17
852,22
852,23
852,27
852,40
851,5
851,8
851,14
851,20
851,26
851,27
850,2
850,11
850,30
850,32
850,38
850,41
849,1
849,3
849,4
849,10
849,15
849,40
848,6
848,7
848,13
848,15
848,35
848,39
847,9
847,10
847,23
847,31
847,35
847,36
846,9
846,14
846,18
846,28
846,30
846,33
845,2
845,12
845,13
845,22
845,24
845,34
844,2
844,5
844,18
844,27
844,35
844,38
843,3
843,7
843,8
843,26
843,42
843,43
842,8
842,11
842,17
842,26
842,33
842,43
841,8
841,22
841,24
841,28
841,31
841,36
840,3
840,4
840,17
840,24
840,27
840,34
839,1
839,3
839,5
839,12
839,13
839,38
838,12
838,28
838,32
838,36
838,38
838,43
837,5
837,17
837,34
837,37
837,39
837,42
836,7
836,11
836,31
836,34
836,38
836,43
835,5
835,9
835,10
835,28
835,39
835,40
834,4
834,17
834,27
834,39
834,41
834,42
833,5
833,6
833,13
833,20
833,22
833,28
832,19
832,24
832,27
832,31
832,32
832,33
831,3
831,4
831,7
831,13
831,22
831,31
830,5
830,6
830,9
830,18
830,28
830,40
829,2
829,3
829,23
829,32
829,36
829,39
828,2
828,9
828,10
828,24
828,25
828,43
827,2
827,4
827,23
827,24
827,33
827,41
826,5
826,15
826,22
826,24
826,29
826,36
825,6
825,10
825,12
825,16
825,39
825,40
824,16
824,19
824,26
824,27
824,29
824,32
823,5
823,6
823,23
823,30
823,37
823,38
822,6
822,11
822,15
822,24
822,27
822,33
821,7
821,10
821,12
821,34
821,40
821,43
820,1
820,11
820,19
820,28
820,39
820,43
819,10
819,19
819,23
819,25
819,30
819,40
818,5
818,21
818,24
818,34
818,37
818,38
817,16
817,21
817,27
817,32
817,34
817,43
816,5
816,14
816,19
816,24
816,27
816,37
815,1
815,2
815,6
815,24
815,25
815,41
814,4
814,7
814,15
814,23
814,38
814,42
813,9
813,10
813,12
813,13
813,28
813,38
812,1
812,12
812,15
812,26
812,34
812,40
811,2
811,6
811,20
811,24
811,31
811,40
810,3
810,31
810,32
810,38
810,39
810,40
809,2
809,11
809,20
809,31
809,32
809,37
808,13
808,18
808,22
808,28
808,41
808,42
807,1
807,6
807,12
807,20
807,22
807,23
806,3
806,16
806,19
806,25
806,39
806,40
805,2
805,14
805,19
805,22
805,24
805,43
804,6
804,20
804,23
804,25
804,31
804,33
803,9
803,29
803,33
803,34
803,35
803,41
802,9
802,13
802,18
802,19
802,25
802,30
801,2
801,18
801,19
801,20
801,25
801,31
800,8
800,12
800,22
800,23
800,25
800,35
799,4
799,6
799,8
799,10
799,19
799,28
798,1
798,3
798,5
798,25
798,39
798,41
797,1
797,4
797,13
797,18
797,23
797,39
796,1
796,7
796,11
796,14
796,22
796,34
795,13
795,19
795,24
795,28
795,33
795,38
794,15
794,22
794,25
794,29
794,34
794,42
793,10
793,13
793,14
793,19
793,26
793,43
792,1
792,7
792,14
792,25
792,37
792,43
791,1
791,10
791,22
791,24
791,34
791,37
790,9
790,13
790,19
790,27
790,34
790,38
789,12
789,17
789,29
789,32
789,38
789,40
788,2
788,8
788,13
788,27
788,31
788,32
787,4
787,5
787,13
787,21
787,33
787,34
786,10
786,11
786,17
786,31
786,35
786,39
785,1
785,9
785,18
785,20
785,24
785,29
784,1
784,9
784,23
784,29
784,37
784,41
783,9
783,14
783,22
783,24
783,25
783,32
782,19
782,21
782,23
782,24
782,27
782,43
781,5
781,6
781,15
781,23
781,40
781,43
780,6
780,7
780,12
780,26
780,39
780,43
779,10
779,13
779,27
779,34
779,36
779,39
778,5
778,11
778,17
778,24
778,35
778,41
777,15
777,16
777,23
777,29
777,37
777,39
776,2
776,8
776,14
776,23
776,28
776,42
775,1
775,2
775,21
775,22
775,37
775,38
774,2
774,4
774,9
774,13
774,16
774,33
773,4
773,7
773,10
773,11
773,12
773,32
772,7
772,11
772,16
772,19
772,20
772,23
771,15
771,21
771,31
771,32
771,33
771,34
770,17
770,19
770,21
770,22
770,36
770,37
769,1
769,2
769,4
769,16
769,17
769,38
768,1
768,8
768,19
768,25
768,32
768,38
767,2
767,6
767,11
767,27
767,29
767,37
766,6
766,10
766,12
766,32
766,37
766,39
765,4
765,14
765,17
765,22
765,26
765,41
764,6
764,7
764,24
764,34
764,42
764,43
763,6
763,8
763,10
763,21
763,39
763,42
762,6
762,8
762,9
762,20
762,24
762,27
761,8
761,10
761,11
761,12
761,20
761,40
760,3
760,4
760,6
760,15
760,32
760,40
759,14
759,22
759,25
759,28
759,37
759,41
758,11
758,19
758,20
758,25
758,38
758,40
757,4
757,10
757,14
757,19
757,35
757,38
756,8
756,10
756,24
756,26
756,27
756,28
755,10
755,16
755,20
755,25
755,29
755,39
754,16
754,27
754,33
754,35
754,39
754,41
753,2
753,4
753,11
753,15
753,20
753,38
752,3
752,5
752,13
752,18
752,22
752,37
751,13
751,16
751,21
751,25
751,31
751,38
750,4
750,6
750,13
750,16
750,18
750,39
749,7
749,8
749,11
749,13
749,23
749,40
748,2
748,14
748,16
748,27
748,28
748,30
747,8
747,19
747,20
747,23
747,24
747,35
746,6
746,9
746,10
746,29
746,31
746,35
745,8
745,12
745,16
745,23
745,33
745,34
744,2
744,5
744,12
744,14
744,30
744,42
743,3
743,4
743,8
743,10
743,14
743,37
742,2
742,12
742,13
742,14
742,22
742,35
741,8
741,11
741,15
741,29
741,36
741,43
740,8
740,9
740,15
740,26
740,37
740,40
739,11
739,13
739,18
739,20
739,28
739,38
738,14
738,21
738,22
738,32
738,33
738,41
737,6
737,10
737,21
737,24
737,27
737,39
736,2
736,14
736,17
736,19
736,38
736,43
735,5
735,12
735,19
735,22
735,32
735,39
734,10
734,19
734,22
734,27
734,29
734,39
733,5
733,13
733,14
733,26
733,37
733,38
732,20
732,33
732,35
732,36
732,37
732,38
731,6
731,7
731,23
731,25
731,38
731,42
730,10
730,15
730,21
730,22
730,33
730,35
729,2
729,10
729,16
729,18
729,27
729,42
728,10
728,15
728,22
728,23
728,38
728,42
727,3
727,24
727,26
727,27
727,39
727,41
726,13
726,21
726,30
726,31
726,37
726,40
725,5
725,6
725,7
725,20
725,31
725,41
724,4
724,9
724,32
724,37
724,38
724,39
723,16
723,27
723,28
723,36
723,39
723,42
722,6
722,11
722,32
722,34
722,35
722,39
721,1
721,14
721,23
721,24
721,27
721,40
720,25
720,26
720,27
720,28
720,35
720,38
719,11
719,14
719,27
719,31
719,34
719,42
718,15
718,20
718,27
718,29
718,33
718,43
717,13
717,14
717,16
717,21
717,29
717,42
716,5
716,7
716,14
716,24
716,25
716,35
715,5
715,10
715,12
715,25
715,28
715,31
714,2
714,14
714,26
714,28
714,29
714,42
713,19
713,20
713,21
713,24
713,25
713,26
712,2
712,5
712,8
712,9
712,14
712,25
711,5
711,11
711,15
711,24
711,34
711,39
710,4
710,5
710,9
710,20
710,33
710,37
709,1
709,11
709,13
709,29
709,37
709,39
708,2
708,13
708,20
708,22
708,25
708,38
707,8
707,15
707,21
707,32
707,40
707,41
706,2
706,8
706,29
706,31
706,34
706,37
705,14
705,15
705,16
705,18
705,20
705,33
704,7
704,10
704,16
704,18
704,19
704,37
703,20
703,24
703,27
703,28
703,38
703,41
702,1
702,20
702,23
702,37
702,38
702,40
701,20
701,22
701,24
701,32
701,36
701,39
700,1
700,8
700,17
700,24
700,33
700,35
699,12
699,13
699,21
699,25
699,29
699,32
698,5
698,20
698,21
698,26
698,30
698,33
697,2
697,12
697,14
697,18
697,40
697,41
696,2
696,10
696,14
696,19
696,36
696,39
695,4
695,7
695,11
695,12
695,13
695,19
694,8
694,23
694,27
694,31
694,38
694,40
693,4
693,14
693,18
693,22
693,32
693,35
692,9
692,10
692,12
692,19
692,21
692,42
691,4
691,7
691,8
691,15
691,16
691,42
690,7
690,8
690,10
690,21
690,34
690,38
689,6
689,8
689,12
689,17
689,24
689,31
688,9
688,12
688,16
688,33
688,34
688,35
687,16
687,20
687,27
687,33
687,40
687,42
686,21
686,24
686,26
686,35
686,37
686,38
685,12
685,23
685,27
685,32
685,39
685,43
684,6
684,7
684,13
684,18
684,27
684,33
683,16
683,24
683,29
683,32
683,35
683,38
682,3
682,5
682,7
682,18
682,19
682,41
681,1
681,11
681,13
681,30
681,37
681,41
680,8
680,9
680,23
680,34
680,38
680,41
679,4
679,5
679,7
679,37
679,41
679,42
678,8
678,24
678,25
678,29
678,32
678,40
677,4
677,11
677,22
677,31
677,32
677,35
676,2
676,8
676,20
676,33
676,38
676,42
675,8
675,10
675,15
675,21
675,24
675,34
674,8
674,11
674,15
674,22
674,40
674,41
673,2
673,6
673,16
673,27
673,28
673,29
672,1
672,5
672,23
672,24
672,36
672,43
671,5
671,10
671,14
671,16
671,23
671,38
670,1
670,4
670,7
670,25
670,32
670,41
669,4
669,6
669,10
669,17
669,24
669,33
668,7
668,13
668,20
668,27
668,34
668,35
667,21
667,31
667,34
667,37
667,39
667,40
666,2
666,6
666,28
666,30
666,31
666,41
665,13
665,22
665,27
665,29
665,36
665,37
664,2
664,8
664,11
664,12
664,26
664,29
663,13
663,18
663,21
663,30
663,33
663,40
662,12
662,31
662,32
662,34
662,36
662,40
661,6
661,9
661,17
661,20
661,33
661,40
660,8
660,20
660,31
660,36
660,37
660,38
659,21
659,30
659,35
659,39
659,41
659,42
658,14
658,24
658,32
658,40
658,41
658,42
657,3
657,20
657,29
657,33
657,34
657,40
656,2
656,8
656,13
656,17
656,25
656,37
655,5
655,10
655,23
655,26
655,28
655,29
654,12
654,18
654,21
654,29
654,32
654,38
653,13
653,21
653,22
653,26
653,29
653,36
652,1
652,10
652,16
652,19
652,20
652,39
651,4
651,15
651,17
651,34
651,38
651,40
650,12
650,31
650,34
650,40
650,41
650,43
649,14
649,22
649,29
649,33
649,36
649,40
648,22
648,26
648,27
648,28
648,36
648,43
647,2
647,7
647,15
647,22
647,36
647,43
646,9
646,12
646,14
646,24
646,28
646,33
645,3
645,10
645,12
645,32
645,33
645,43
644,4
644,14
644,22
644,23
644,26
644,42
643,2
643,6
643,21
643,31
643,35
643,37
642,8
642,13
642,14
642,21
642,33
642,41
641,3
641,14
641,21
641,24
641,26
641,29
640,3
640,11
640,18
640,20
640,33
640,39
639,1
639,16
639,20
639,24
639,33
639,34
638,6
638,11
638,19
638,28
638,35
638,40
637,7
637,12
637,16
637,28
637,31
637,34
636,2
636,12
636,21
636,23
636,24
636,26
635,8
635,11
635,12
635,15
635,41
635,43
634,8
634,10
634,13
634,15
634,20
634,40
633,7
633,9
633,11
633,14
633,15
633,18
632,3
632,4
632,14
632,21
632,22
632,25
631,2
631,5
631,7
631,10
631,36
631,40
630,3
630,7
630,13
630,18
630,19
630,41
629,6
629,16
629,21
629,30
629,34
629,43
628,7
628,13
628,15
628,18
628,29
628,38
627,2
627,4
627,7
627,19
627,34
627,42
626,6
626,13
626,14
626,22
626,26
626,28
625,5
625,17
625,26
625,37
625,39
625,42
624,4
624,8
624,12
624,22
624,25
624,30
623,7
623,8
623,16
623,35
623,39
623,42
622,7
622,16
622,18
622,20
622,27
622,36
621,6
621,15
621,16
621,28
621,36
621,40
620,7
620,10
620,13
620,19
620,31
620,38
619,2
619,11
619,29
619,31
619,33
619,38
618,4
618,15
618,21
618,31
618,35
618,42
617,5
617,8
617,18
617,28
617,34
617,35
616,4
616,7
616,18
616,19
616,24
616,35
615,6
615,16
615,24
615,32
615,36
615,43
614,2
614,6
614,22
614,25
614,31
614,42
613,2
613,6
613,18
613,26
613,32
613,37
612,7
612,18
612,31
612,32
612,39
612,40
611,10
611,12
611,14
611,24
611,34
611,39
610,2
610,5
610,12
610,23
610,26
610,41
609,18
609,24
609,36
609,37
609,39
609,41
608,4
608,6
608,16
608,17
608,18
608,26
607,2
607,3
607,8
607,12
607,20
607,21
606,8
606,15
606,24
606,26
606,35
606,42
605,1
605,4
605,13
605,25
605,38
605,43
604,9
604,15
604,20
604,22
604,28
604,43
603,3
603,8
603,18
603,21
603,23
603,42
602,8
602,13
602,15
602,18
602,24
602,41
601,6
601,22
601,25
601,26
601,30
601,39
600,3
600,20
600,23
600,24
600,28
600,35
599,1
599,2
599,8
599,13
599,27
599,39
598,6
598,10
598,15
598,21
598,36
598,41
597,3
597,4
597,7
597,13
597,16
597,23
596,2
596,13
596,17
596,24
596,29
596,34
595,1
595,5
595,15
595,22
595,39
595,40
594,4
594,5
594,15
594,30
594,34
594,38
593,2
593,10
593,16
593,26
593,29
593,30
592,12
592,14
592,22
592,23
592,34
592,41
591,1
591,13
591,16
591,22
591,27
591,33
590,20
590,24
590,25
590,27
590,32
590,37
589,1
589,9
589,10
589,28
589,41
589,42
588,8
588,13
588,18
588,33
588,34
588,36
587,10
587,12
587,18
587,27
587,33
587,40
586,6
586,7
586,10
586,23
586,36
586,42
585,1
585,28
585,32
585,34
585,41
585,42
584,10
584,11
584,24
584,26
584,37
584,38
583,2
583,12
583,17
583,18
583,40
583,43
582,7
582,10
582,14
582,25
582,32
582,38
581,5
581,22
581,28
581,29
581,35
581,39
580,12
580,15
580,17
580,25
580,35
580,43
579,6
579,8
579,17
579,19
579,23
579,42
578,16
578,22
578,23
578,27
578,33
578,37
577,3
577,12
577,29
577,31
577,36
577,37
576,8
576,9
576,21
576,24
576,29
576,37
575,4
575,11
575,17
575,21
575,23
575,30
574,4
574,11
574,16
574,20
574,26
574,43
573,3
573,5
573,21
573,30
573,37
573,38
572,10
572,12
572,18
572,38
572,42
572,43
571,6
571,20
571,21
571,23
571,33
571,38
570,2
570,4
570,10
570,28
570,38
570,43
569,4
569,19
569,21
569,25
569,28
569,40
568,7
568,10
568,15
568,31
568,32
568,42
567,7
567,13
567,17
567,23
567,28
567,34
566,10
566,17
566,18
566,29
566,30
566,41
565,3
565,6
565,8
565,21
565,28
565,32
564,3
564,12
564,18
564,24
564,34
564,39
563,4
563,5
563,26
563,28
563,34
563,38
562,9
562,10
562,11
562,25
562,30
562,37
561,4
561,14
561,30
561,35
561,40
561,41
560,4
560,17
560,19
560,37
560,39
560,42
559,2
559,7
559,16
559,25
559,26
559,43
558,4
558,32
558,33
558,38
558,41
558,43
557,6
557,18
557,23
557,32
557,38
557,43
556,6
556,9
556,13
556,17
556,29
556,30
555,2
555,3
555,7
555,9
555,36
555,42
554,16
554,27
554,34
554,35
554,36
554,38
553,3
553,9
553,11
553,15
553,27
553,37
552,13
552,22
552,26
552,30
552,40
552,41
551,15
551,16
551,19
551,21
551,26
551,42
550,12
550,15
550,19
550,32
550,36
550,42
549,5
549,14
549,27
549,29
549,32
549,33
548,12
548,13
548,16
548,28
548,29
548,35
547,6
547,10
547,11
547,30
547,32
547,39
546,1
546,14
546,30
546,34
546,40
546,43
545,16
545,21
545,24
545,28
545,32
545,36
544,11
544,14
544,16
544,32
544,41
544,42
543,15
543,17
543,18
543,19
543,22
543,31
542,10
542,14
542,23
542,35
542,38
542,41
541,3
541,4
541,5
541,28
541,34
541,43
540,15
540,23
540,29
540,35
540,36
540,41
539,3
539,10
539,13
539,17
539,18
539,28
538,2
538,11
538,14
538,23
538,26
538,33
537,10
537,18
537,22
537,24
537,26
537,37
536,4
536,10
536,12
536,14
536,23
536,36
535,6
535,14
535,23
535,24
535,27
535,32
534,1
534,2
534,19
534,22
534,26
534,37
533,6
533,16
533,24
533,31
533,41
533,43
532,23
532,28
532,33
532,35
532,37
532,42
531,5
531,12
531,16
531,24
531,26
531,33
530,1
530,10
530,19
530,30
530,33
530,36
529,6
529,19
529,21
529,24
529,31
529,41
528,2
528,5
528,12
528,21
528,28
528,32
527,5
527,7
527,12
527,23
527,39
527,41
526,8
526,14
526,18
526,19
526,26
526,27
525,1
525,11
525,17
525,28
525,33
525,38
524,7
524,11
524,14
524,18
524,35
524,40
523,7
523,8
523,26
523,27
523,41
523,43
522,3
522,6
522,16
522,23
522,25
522,43
521,1
521,8
521,15
521,21
521,23
521,30
520,2
520,4
520,12
520,14
520,26
520,43
519,1
519,13
519,25
519,29
519,30
519,33
518,14
518,31
518,34
518,35
518,40
518,42
517,6
517,10
517,13
517,14
517,28
517,37
516,2
516,14
516,16
516,17
516,29
516,30
515,2
515,3
515,23
515,25
515,33
515,35
514,6
514,7
514,14
514,15
514,19
514,41
513,1
513,6
513,12
513,14
513,15
513,19
512,14
512,20
512,23
512,25
512,33
512,39
511,4
511,22
511,23
511,27
511,38
511,43
510,12
510,15
510,26
510,35
510,41
510,43
509,3
509,4
509,12
509,18
509,27
509,28
508,1
508,7
508,14
508,15
508,24
508,42
507,5
507,14
507,19
507,21
507,28
507,31
506,5
506,11
506,21
506,27
506,37
506,39
505,19
505,21
505,27
505,33
505,34
505,43
504,12
504,21
504,22
504,27
504,29
504,31
503,1
503,18
503,25
503,27
503,28
503,39
502,9
502,12
502,27
502,28
502,29
502,41
501,3
501,17
501,21
501,23
501,36
501,38
500,6
500,20
500,28
500,31
500,34
500,38
499,3
499,9
499,15
499,16
499,22
499,35
498,1
498,25
498,36
498,41
498,42
498,43
497,6
497,12
497,14
497,17
497,36
497,40
496,2
496,6
496,11
496,29
496,32
496,41
495,4
495,6
495,20
495,21
495,29
495,33
494,8
494,16
494,19
494,23
494,26
494,31
493,8
493,26
493,30
493,36
493,41
493,42
492,1
492,8
492,12
492,20
492,23
492,37
491,7
491,9
491,20
491,27
491,31
491,34
490,5
490,9
490,13
490,28
490,34
490,40
489,6
489,8
489,12
489,30
489,33
489,43
488,5
488,15
488,29
488,34
488,39
488,42
487,2
487,6
487,8
487,19
487,22
487,34
486,16
486,25
486,27
486,29
486,34
486,41
485,14
485,26
485,30
485,33
485,34
485,39
484,13
484,19
484,25
484,29
484,32
484,35
483,2
483,8
483,15
483,24
483,33
483,35
482,4
482,30
482,31
482,36
482,37
482,38
481,2
481,9
481,11
481,24
481,25
481,34
480,2
480,5
480,17
480,18
480,35
480,38
479,5
479,7
479,14
479,17
479,20
479,27
478,11
478,14
478,23
478,30
478,31
478,38
477,12
477,14
477,16
477,18
477,38
477,41
476,7
476,17
476,22
476,30
476,36
476,40
475,5
475,9
475,10
475,27
475,33
475,42
474,12
474,15
474,19
474,25
474,28
474,41
473,6
473,16
473,17
473,22
473,34
473,37
472,10
472,17
472,28
472,30
472,36
472,42
471,2
471,13
471,14
471,22
471,23
471,32
470,1
470,11
470,17
470,23
470,38
470,43
469,10
469,12
469,20
469,35
469,40
469,43
468,9
468,17
468,26
468,30
468,34
468,40
467,18
467,19
467,20
467,24
467,32
467,43
466,1
466,4
466,19
466,28
466,34
466,40
465,6
465,24
465,27
465,30
465,32
465,38
464,10
464,21
464,22
464,25
464,27
464,37
463,10
463,13
463,16
463,25
463,30
463,42
462,2
462,4
462,6
462,16
462,31
462,33
461,8
461,10
461,13
461,30
461,32
461,42
460,18
460,22
460,23
460,32
460,35
460,40
459,11
459,13
459,27
459,31
459,37
459,43
458,1
458,18
458,27
458,30
458,36
458,40
457,10
457,12
457,27
457,32
457,34
457,43
456,3
456,7
456,15
456,25
456,30
456,39
455,11
455,20
455,26
455,28
455,30
455,43
454,2
454,16
454,18
454,27
454,42
454,43
453,7
453,17
453,19
453,27
453,35
453,40
452,1
452,5
452,25
452,27
452,29
452,40
451,6
451,14
451,16
451,19
451,26
451,39
450,15
450,20
450,21
450,32
450,40
450,42
449,19
449,20
449,21
449,23
449,27
449,32
448,9
448,23
448,32
448,35
448,39
448,42
447,15
447,23
447,29
447,36
447,42
447,43
446,3
446,8
446,17
446,26
446,27
446,36
445,10
445,20
445,23
445,26
445,37
445,40
444,5
444,13
444,16
444,18
444,24
444,32
443,6
443,10
443,21
443,22
443,23
443,35
442,2
442,23
442,26
442,35
442,41
442,42
441,10
441,18
441,33
441,34
441,39
441,41
440,9
440,23
440,29
440,30
440,31
440,39
439,11
439,14
439,20
439,28
439,32
439,41
438,3
438,9
438,16
438,17
438,20
438,31
437,2
437,5
437,11
437,21
437,23
437,43
436,4
436,12
436,21
436,22
436,27
436,38
435,2
435,11
435,12
435,28
435,35
435,37
434,3
434,12
434,19
434,33
434,35
434,36
433,3
433,9
433,11
433,24
433,26
433,34
432,8
432,20
432,23
432,24
432,42
432,43
431,1
431,5
431,19
431,20
431,35
431,41
430,1
430,8
430,18
430,26
430,34
430,42
429,17
429,25
429,29
429,33
429,37
429,42
428,8
428,16
428,18
428,35
428,42
428,43
427,5
427,12
427,13
427,33
427,39
427,42
426,6
426,8
426,9
426,29
426,32
426,37
425,2
425,3
425,12
425,20
425,34
425,43
424,3
424,13
424,17
424,25
424,40
424,41
423,1
423,2
423,3
423,30
423,35
423,36
422,5
422,6
422,7
422,8
422,28
422,38
421,2
421,6
421,8
421,10
421,25
421,34
420,14
420,19
420,21
420,28
420,29
420,31
419,5
419,8
419,16
419,25
419,26
419,30
418,3
418,12
418,16
418,25
418,32
418,36
417,3
417,20
417,23
417,30
417,31
417,37
416,12
416,15
416,22
416,24
416,29
416,37
415,9
415,28
415,33
415,34
415,37
415,43
414,1
414,2
414,4
414,5
414,9
414,25
413,2
413,14
413,15
413,26
413,35
413,37
412,2
412,6
412,7
412,9
412,16
412,19
411,2
411,4
411,6
411,24
411,35
411,39
410,2
410,12
410,16
410,20
410,42
410,43
409,6
409,13
409,17
409,27
409,28
409,36
408,12
408,20
408,23
408,28
408,31
408,32
407,11
407,18
407,19
407,30
407,37
407,39
406,1
406,2
406,4
406,16
406,36
406,37
405,6
405,13
405,19
405,20
405,30
405,31
404,3
404,10
404,14
404,18
404,26
404,43
403,8
403,10
403,13
403,20
403,24
403,33
402,3
402,18
402,23
402,24
402,29
402,33
401,14
401,15
401,27
401,34
401,35
401,42
400,4
400,9
400,19
400,22
400,23
400,33
399,1
399,14
399,17
399,28
399,31
399,37
398,2
398,31
398,36
398,37
398,39
398,43
397,15
397,16
397,23
397,30
397,39
397,43
396,9
396,12
396,21
396,26
396,33
396,40
395,15
395,21
395,26
395,28
395,42
395,43
394,14
394,27
394,28
394,31
394,37
394,40
393,7
393,18
393,27
393,37
393,38
393,43
392,10
392,15
392,18
392,30
392,31
392,37
391,8
391,20
391,23
391,24
391,29
391,38
390,5
390,16
390,17
390,22
390,39
390,43
389,6
389,12
389,22
389,25
389,31
389,35
388,5
388,12
388,14
388,18
388,20
388,31
387,12
387,16
387,19
387,27
387,30
387,32
386,2
386,9
386,11
386,15
386,23
386,25
385,6
385,31
385,34
385,35
385,37
385,40
384,17
384,19
384,20
384,22
384,33
384,41
383,7
383,12
383,17
383,18
383,24
383,28
382,2
382,6
382,15
382,28
382,29
382,43
381,4
381,13
381,15
381,22
381,39
381,41
380,17
380,22
380,25
380,26
380,27
380,43
379,8
379,13
379,15
379,21
379,33
379,34
378,11
378,13
378,19
378,26
378,36
378,43
377,2
377,3
377,8
377,20
377,21
377,24
376,20
376,21
376,25
376,27
376,34
376,38
375,7
375,9
375,14
375,17
375,36
375,37
374,4
374,24
374,25
374,26
374,27
374,34
373,7
373,14
373,15
373,19
373,35
373,43
372,7
372,19
372,28
372,33
372,35
372,39
371,14
371,15
371,23
371,24
371,32
371,34
370,2
370,11
370,13
370,15
370,16
370,32
369,3
369,9
369,12
369,16
369,18
369,37
368,7
368,10
368,18
368,21
368,33
368,35
367,10
367,13
367,17
367,38
367,41
367,43
366,12
366,13
366,15
366,18
366,30
366,41
365,6
365,19
365,20
365,28
365,36
365,37
364,7
364,11
364,12
364,19
364,33
364,42
363,3
363,6
363,7
363,22
363,27
363,31
362,7
362,10
362,15
362,20
362,37
362,40
361,1
361,21
361,28
361,30
361,37
361,43
360,2
360,3
360,6
360,14
360,26
360,42
359,3
359,5
359,19
359,20
359,23
359,27
358,12
358,31
358,32
358,34
358,39
358,42
357,2
357,10
357,11
357,12
357,19
357,38
356,1
356,5
356,8
356,12
356,17
356,29
355,1
355,11
355,24
355,26
355,36
355,37
354,4
354,6
354,22
354,31
354,34
354,41
353,1
353,9
353,15
353,16
353,22
353,26
352,6
352,8
352,24
352,25
352,34
352,38
351,3
351,13
351,16
351,24
351,26
351,43
350,13
350,18
350,25
350,26
350,29
350,40
349,8
349,13
349,15
349,19
349,20
349,30
348,4
348,5
348,6
348,27
348,36
348,38
347,8
347,20
347,23
347,27
347,32
347,33
346,4
346,9
346,11
346,12
346,32
346,38
345,10
345,21
345,22
345,25
345,35
345,37
344,8
344,11
344,16
344,20
344,28
344,36
343,13
343,28
343,29
343,37
343,38
343,41
342,8
342,15
342,26
342,27
342,34
342,38
341,4
341,14
341,23
341,25
341,28
341,35
340,4
340,10
340,13
340,31
340,35
340,42
339,3
339,5
339,9
339,26
339,34
339,36
338,8
338,10
338,25
338,31
338,39
338,40
337,5
337,15
337,16
337,20
337,34
337,39
336,3
336,6
336,13
336,17
336,20
336,29
335,4
335,5
335,10
335,23
335,36
335,42
334,11
334,14
334,17
334,18
334,34
334,36
333,1
333,5
333,7
333,15
333,41
333,42
332,7
332,8
332,16
332,24
332,26
332,34
331,2
331,8
331,17
331,24
331,32
331,38
330,5
330,12
330,16
330,19
330,28
330,39
329,6
329,8
329,15
329,17
329,39
329,40
328,3
328,7
328,10
328,12
328,19
328,36
327,6
327,12
327,14
327,28
327,31
327,36
326,1
326,7
326,9
326,14
326,23
326,43
325,6
325,7
325,18
325,29
325,33
325,39
324,5
324,13
324,27
324,37
324,39
324,41
323,9
323,11
323,21
323,23
323,33
323,39
322,18
322,19
322,22
322,25
322,35
322,42
321,21
321,29
321,31
321,36
321,38
321,41
320,1
320,5
320,25
320,27
320,38
320,41
319,15
319,20
319,23
319,28
319,37
319,40
318,2
318,7
318,13
318,16
318,36
318,37
317,7
317,8
317,15
317,30
317,35
317,36
316,3
316,4
316,20
316,30
316,40
316,41
315,1
315,2
315,17
315,24
315,40
315,41
314,3
314,8
314,14
314,30
314,38
314,43
313,1
313,19
313,21
313,31
313,32
313,40
312,2
312,17
312,22
312,29
312,38
312,42
311,1
311,16
311,22
311,36
311,37
311,42
310,3
310,4
310,5
310,18
310,28
310,37
309,1
309,4
309,26
309,36
309,41
309,42
308,3
308,13
308,18
308,20
308,23
308,28
307,1
307,7
307,11
307,32
307,33
307,40
306,1
306,20
306,25
306,28
306,31
306,42
305,1
305,2
305,5
305,23
305,31
305,34
304,3
304,7
304,8
304,15
304,17
304,31
303,4
303,24
303,31
303,35
303,37
303,39
302,2
302,4
302,13
302,23
302,38
302,40
301,4
301,5
301,6
301,9
301,10
301,11
300,4
300,7
300,29
300,33
300,36
300,39
299,2
299,4
299,5
299,17
299,35
299,41
298,12
298,25
298,29
298,31
298,35
298,40
297,6
297,8
297,9
297,20
297,38
297,40
296,4
296,19
296,27
296,30
296,31
296,37
295,9
295,12
295,18
295,20
295,37
295,43
294,2
294,5
294,13
294,14
294,17
294,20
293,6
293,8
293,15
293,17
293,36
293,43
292,7
292,14
292,27
292,31
292,34
292,39
291,10
291,15
291,20
291,28
291,41
291,43
290,11
290,13
290,15
290,17
290,22
290,43
289,7
289,9
289,12
289,17
289,34
289,38
288,3
288,4
288,11
288,25
288,28
288,33
287,1
287,5
287,18
287,34
287,35
287,39
286,10
286,11
286,14
286,28
286,31
286,41
285,1
285,3
285,9
285,14
285,16
285,29
284,20
284,26
284,30
284,33
284,35
284,38
283,6
283,9
283,16
283,22
283,27
283,37
282,1
282,9
282,17
282,31
282,41
282,43
281,3
281,9
281,10
281,11
281,19
281,35
280,6
280,12
280,26
280,37
280,38
280,39
279,7
279,11
279,12
279,23
279,30
279,43
278,9
278,13
278,14
278,17
278,22
278,38
277,7
277,9
277,18
277,20
277,30
277,38
276,6
276,11
276,27
276,30
276,33
276,36
275,4
275,13
275,15
275,31
275,33
275,40
274,4
274,5
274,14
274,27
274,31
274,39
273,4
273,18
273,20
273,21
273,29
273,40
272,7
272,12
272,13
272,20
272,23
272,26
271,9
271,10
271,19
271,25
271,40
271,41
270,17
270,19
270,21
270,29
270,33
270,38
269,1
269,10
269,13
269,15
269,21
269,23
268,3
268,6
268,8
268,14
268,24
268,36
267,3
267,5
267,8
267,22
267,35
267,38
266,11
266,15
266,18
266,24
266,30
266,39
265,2
265,3
265,16
265,22
265,23
265,28
264,2
264,5
264,6
264,8
264,20
264,27
263,1
263,5
263,13
263,22
263,39
263,41
262,5
262,7
262,11
262,19
262,21
262,25
261,6
261,17
261,18
261,21
261,35
261,41
260,11
260,15
260,21
260,31
260,37
260,41
259,1
259,12
259,15
259,23
259,34
259,42
258,3
258,15
258,16
258,17
258,25
258,31
257,7
257,15
257,29
257,30
257,39
257,40
256,15
256,17
256,18
256,28
256,30
256,37
255,6
255,7
255,12
255,17
255,34
255,42
254,12
254,13
254,22
254,23
254,25
254,29
253,15
253,16
253,19
253,22
253,36
253,43
252,2
252,6
252,13
252,22
252,32
252,33
251,2
251,12
251,19
251,25
251,29
251,36
250,3
250,8
250,9
250,13
250,22
250,42
249,1
249,3
249,17
249,23
249,33
249,35
248,11
248,32
248,35
248,36
248,39
248,41
247,8
247,16
247,30
247,32
247,34
247,39
246,16
246,28
246,32
246,34
246,39
246,42
245,3
245,6
245,18
245,24
245,28
245,36
244,11
244,12
244,30
244,36
244,38
244,39
243,5
243,34
243,35
243,38
243,42
243,43
242,1
242,10
242,13
242,22
242,29
242,32
241,8
241,14
241,27
241,33
241,36
241,40
240,11
240,15
240,26
240,31
240,36
240,39
239,4
239,9
239,18
239,30
239,31
239,40
238,5
238,10
238,15
238,20
238,33
238,37
237,1
237,3
237,11
237,13
237,27
237,37
236,1
236,8
236,9
236,14
236,34
236,38
235,6
235,21
235,23
235,24
235,28
235,39
234,11
234,17
234,24
234,26
234,27
234,30
233,6
233,18
233,26
233,40
233,41
233,42
232,1
232,5
232,7
232,26
232,39
232,43
231,1
231,4
231,6
231,16
231,18
231,43
230,4
230,9
230,18
230,31
230,36
230,42
229,8
229,16
229,21
229,24
229,27
229,36
228,5
228,8
228,17
228,26
228,36
228,39
227,6
227,13
227,17
227,29
227,32
227,36
226,8
226,26
226,36
226,40
226,42
226,43
225,9
225,11
225,21
225,31
225,35
225,38
224,12
224,17
224,18
224,19
224,30
224,35
223,7
223,9
223,19
223,26
223,30
223,32
222,4
222,14
222,15
222,22
222,29
222,31
221,8
221,27
221,30
221,31
221,38
221,42
220,23
220,25
220,26
220,29
220,33
220,37
219,27
219,28
219,29
219,34
219,35
219,39
218,8
218,10
218,18
218,22
218,31
218,36
217,8
217,19
217,23
217,27
217,29
217,39
216,9
216,21
216,29
216,33
216,35
216,41
215,1
215,4
215,13
215,18
215,22
215,31
214,4
214,7
214,9
214,11
214,20
214,36
213,4
213,7
213,18
213,26
213,29
213,43
212,1
212,11
212,17
212,32
212,35
212,39
211,10
211,14
211,23
211,26
211,33
211,36
210,1
210,6
210,21
210,22
210,37
210,40
209,8
209,27
209,30
209,35
209,40
209,41
208,18
208,24
208,29
208,32
208,35
208,39
207,17
207,21
207,23
207,30
207,31
207,34
206,1
206,3
206,16
206,22
206,41
206,43
205,4
205,7
205,9
205,16
205,18
205,34
204,2
204,17
204,20
204,25
204,39
204,42
203,12
203,18
203,20
203,27
203,35
203,37
202,9
202,18
202,26
202,28
202,33
202,40
201,10
201,13
201,16
201,17
201,24
201,39
200,4
200,7
200,11
200,19
200,25
200,28
199,3
199,14
199,24
199,25
199,33
199,36
198,4
198,5
198,6
198,17
198,20
198,42
197,9
197,10
197,17
197,22
197,28
197,30
196,4
196,5
196,11
196,16
196,30
196,33
195,5
195,10
195,12
195,22
195,26
195,41
194,4
194,11
194,12
194,21
194,36
194,38
193,3
193,4
193,18
193,31
193,40
193,43
192,3
192,7
192,19
192,27
192,39
192,41
191,4
191,7
191,25
191,27
191,34
191,43
190,17
190,23
190,30
190,31
190,39
190,43
189,3
189,32
189,35
189,36
189,39
189,40
188,3
188,8
188,18
188,25
188,26
188,39
187,12
187,21
187,22
187,27
187,39
187,40
186,7
186,16
186,18
186,33
186,36
186,41
185,8
185,13
185,14
185,18
185,35
185,41
184,5
184,7
184,23
184,31
184,39
184,42
183,14
183,29
183,31
183,36
183,38
183,40
182,22
182,23
182,28
182,37
182,40
182,43
181,1
181,2
181,7
181,21
181,29
181,30
180,4
180,10
180,11
180,12
180,20
180,36
179,3
179,6
179,11
179,13
179,15
179,16
178,10
178,22
178,27
178,30
178,36
178,39
177,6
177,18
177,19
177,30
177,36
177,41
176,8
176,19
176,25
176,31
176,34
176,37
175,2
175,3
175,10
175,22
175,28
175,40
174,2
174,9
174,16
174,36
174,38
174,42
173,6
173,10
173,22
173,30
173,31
173,35
172,10
172,11
172,22
172,23
172,33
172,34
171,5
171,6
171,17
171,23
171,32
171,33
170,10
170,12
170,15
170,17
170,30
170,31
169,3
169,15
169,17
169,19
169,26
169,36
168,1
168,6
168,31
168,32
168,36
168,39
167,10
167,14
167,17
167,19
167,29
167,42
166,14
166,18
166,20
166,28
166,34
166,38
165,9
165,11
165,16
165,21
165,25
165,36
164,1
164,2
164,13
164,14
164,35
164,38
163,2
163,3
163,11
163,17
163,24
163,34
162,3
162,22
162,25
162,30
162,33
162,37
161,23
161,26
161,28
161,33
161,38
161,42
160,4
160,10
160,20
160,30
160,31
160,32
159,12
159,23
159,30
159,31
159,38
159,42
158,1
158,6
158,12
158,35
158,37
158,38
157,5
157,8
157,17
157,19
157,25
157,27
156,6
156,20
156,22
156,29
156,30
156,35
155,5
155,6
155,7
155,18
155,22
155,27
154,7
154,9
154,18
154,26
154,27
154,38
153,4
153,7
153,8
153,12
153,25
153,26
152,4
152,8
152,12
152,16
152,31
152,33
151,3
151,8
151,17
151,25
151,28
151,32
150,10
150,11
150,18
150,20
150,31
150,43
149,8
149,9
149,13
149,20
149,33
149,37
148,3
148,16
148,18
148,20
148,28
148,29
147,16
147,18
147,20
147,29
147,30
147,38
146,7
146,17
146,27
146,36
146,37
146,39
145,1
145,4
145,10
145,21
145,23
145,38
144,1
144,16
144,19
144,33
144,38
144,41
143,17
143,21
143,22
143,27
143,33
143,41
142,2
142,16
142,22
142,27
142,29
142,39
141,8
141,9
141,14
141,24
141,32
141,39
140,17
140,19
140,29
140,37
140,39
140,40
139,10
139,21
139,22
139,28
139,37
139,41
138,7
138,9
138,10
138,16
138,23
138,29
137,10
137,13
137,20
137,22
137,25
137,42
136,3
136,13
136,26
136,31
136,32
136,39
135,7
135,13
135,30
135,33
135,35
135,36
134,2
134,6
134,11
134,14
134,18
134,19
133,17
133,24
133,26
133,35
133,40
133,41
132,3
132,18
132,23
132,31
132,32
132,37
131,6
131,30
131,33
131,34
131,40
131,43
130,22
130,30
130,31
130,34
130,38
130,39
129,6
129,18
129,25
129,26
129,30
129,42
128,6
128,10
128,18
128,20
128,29
128,39
127,14
127,16
127,21
127,26
127,37
127,40
126,5
126,6
126,9
126,10
126,21
126,38
125,11
125,15
125,19
125,30
125,36
125,41
124,4
124,17
124,23
124,30
124,39
124,40
123,14
123,21
123,26
123,28
123,29
123,31
122,19
122,20
122,21
122,25
122,33
122,42
121,3
121,8
121,10
121,22
121,28
121,41
120,15
120,18
120,22
120,25
120,36
120,40
119,3
119,4
119,11
119,12
119,15
119,30
118,9
118,13
118,21
118,30
118,32
118,37
117,5
117,7
117,19
117,20
117,38
117,43
116,8
116,10
116,15
116,16
116,26
116,31
115,8
115,9
115,11
115,27
115,37
115,39
114,7
114,13
114,14
114,29
114,38
114,42
113,3
113,17
113,27
113,29
113,30
113,42
112,16
112,18
112,23
112,25
112,29
112,30
111,11
111,15
111,21
111,31
111,32
111,43
110,5
110,6
110,8
110,19
110,37
110,41
109,2
109,5
109,12
109,18
109,30
109,41
108,9
108,22
108,23
108,25
108,34
108,37
107,4
107,5
107,11
107,12
107,28
107,32
106,8
106,11
106,21
106,22
106,25
106,27
105,1
105,9
105,14
105,22
105,25
105,34
104,1
104,11
104,17
104,26
104,28
104,35
103,1
103,16
103,17
103,27
103,29
103,34
102,4
102,5
102,18
102,27
102,35
102,36
101,21
101,27
101,29
101,30
101,36
101,40
100,6
100,8
100,11
100,14
100,31
100,33
99,5
99,9
99,12
99,28
99,29
99,39
98,7
98,16
98,34
98,37
98,38
98,39
97,4
97,10
97,17
97,34
97,35
97,42
96,1
96,13
96,15
96,34
96,36
96,43
95,2
95,3
95,12
95,15
95,25
95,27
94,11
94,16
94,17
94,18
94,29
94,40
93,10
93,23
93,33
93,36
93,37
93,41
92,5
92,17
92,20
92,24
92,28
92,40
91,13
91,15
91,17
91,26
91,41
91,43
90,13
90,15
90,17
90,18
90,30
90,32
89,3
89,13
89,23
89,30
89,35
89,43
88,5
88,6
88,8
88,20
88,21
88,26
87,3
87,8
87,12
87,36
87,39
87,41
86,3
86,7
86,16
86,24
86,29
86,36
85,5
85,13
85,18
85,22
85,23
85,32
84,17
84,19
84,26
84,28
84,35
84,37
83,1
83,16
83,21
83,28
83,35
83,37
82,10
82,12
82,19
82,25
82,26
82,39
81,1
81,11
81,15
81,23
81,26
81,27
80,1
80,4
80,12
80,16
80,19
80,34
79,20
79,22
79,27
79,32
79,36
79,43
78,5
78,14
78,23
78,32
78,33
78,43
77,5
77,10
77,15
77,28
77,37
77,38
76,1
76,10
76,12
76,16
76,20
76,35
75,2
75,4
75,9
75,19
75,23
75,31
74,3
74,14
74,27
74,28
74,40
74,43
73,1
73,6
73,15
73,19
73,27
73,36
72,10
72,12
72,24
72,29
72,33
72,37
71,1
71,10
71,11
71,13
71,19
71,20
70,6
70,11
70,20
70,23
70,24
70,31
69,1
69,9
69,31
69,35
69,40
69,41
68,16
68,23
68,30
68,35
68,37
68,39
67,1
67,4
67,6
67,11
67,18
67,25
66,7
66,15
66,17
66,30
66,33
66,35
65,2
65,10
65,22
65,23
65,31
65,43
64,2
64,14
64,19
64,22
64,32
64,41
63,11
63,16
63,20
63,28
63,34
63,40
62,2
62,3
62,9
62,12
62,15
62,30
61,4
61,8
61,22
61,25
61,27
61,28
60,20
60,21
60,23
60,28
60,30
60,42
59,9
59,15
59,17
59,30
59,32
59,41
58,4
58,8
58,9
58,13
58,16
58,25
57,2
57,14
57,22
57,27
57,35
57,42
56,10
56,13
56,25
56,31
56,32
56,42
55,11
55,12
55,13
55,14
55,37
55,39
54,14
54,25
54,26
54,31
54,37
54,42
53,2
53,15
53,23
53,37
53,40
53,43
52,1
52,16
52,24
52,25
52,36
52,42
51,7
51,15
51,24
51,37
51,38
51,41
50,5
50,13
50,15
50,25
50,27
50,39
49,2
49,13
49,21
49,31
49,32
49,41
48,2
48,5
48,28
48,30
48,33
48,40
47,3
47,11
47,14
47,25
47,27
47,31
46,11
46,14
46,21
46,24
46,25
46,42
45,7
45,9
45,28
45,32
45,36
45,38
44,3
44,16
44,24
44,31
44,34
44,42
43,1
43,2
43,3
43,15
43,24
43,26
42,4
42,15
42,21
42,24
42,33
42,37
41,18
41,21
41,27
41,33
41,36
41,38
40,5
40,17
40,25
40,34
40,38
40,39
39,10
39,18
39,22
39,25
39,39
39,42
38,2
38,9
38,26
38,27
38,34
38,43
37,3
37,5
37,9
37,17
37,21
37,41
36,1
36,16
36,20
36,23
36,30
36,40
35,3
35,5
35,13
35,30
35,32
35,41
34,2
34,20
34,25
34,30
34,37
34,40
33,8
33,17
33,22
33,25
33,29
33,41
32,3
32,6
32,7
32,23
32,29
32,41
31,7
31,18
31,22
31,25
31,28
31,43
30,4
30,16
30,17
30,19
30,26
30,37
29,8
29,12
29,20
29,35
29,37
29,40
28,6
28,11
28,15
28,20
28,31
28,41
27,4
27,8
27,20
27,30
27,33
27,38
26,3
26,4
26,11
26,12
26,13
26,43
25,11
25,32
25,34
25,37
25,40
25,43
24,15
24,18
24,19
24,30
24,36
24,38
23,7
23,10
23,28
23,32
23,33
23,40
22,8
22,12
22,16
22,19
22,20
22,35
21,5
21,7
21,13
21,19
21,38
21,41
20,7
20,29
20,33
20,35
20,37
20,39
19,4
19,8
19,12
19,30
19,33
19,43
18,6
18,16
18,18
18,27
18,36
18,41
17,14
17,20
17,25
17,34
17,35
17,36
16,5
16,12
16,13
16,29
16,34
16,35
15,4
15,6
15,11
15,20
15,21
15,28
14,2
14,8
14,11
14,35
14,37
14,38
13,13
13,29
13,31
13,37
13,41
13,42
12,14
12,17
12,27
12,28
12,35
12,39
11,12
11,26
11,32
11,37
11,40
11,42
10,1
10,3
10,19
10,21
10,35
10,39
9,11
9,19
9,23
9,38
9,39
9,42
8,11
8,16
8,18
8,20
8,42
8,43
7,7
7,19
7,21
7,23
7,33
7,35
6,6
6,12
6,23
6,25
6,28
6,38
5,9
5,15
5,21
5,23
5,27
5,28
4,16
4,18
4,26
4,27
4,34
4,40
3,1
3,5
3,15
3,31
3,36
3,38
2,1
2,9
2,16
2,20
2,21
2,43
1,2
1,8
1,10
1,13
1,27
1,30
