"time","first_hit","first","second_hit","second","third","fourth","over"
1024,0,0,6,18321300,824400,13300,122143275
1023,2,58344500,3,35006400,409100,9100,0
1022,2,128119200,6,19595300,638400,12000,0
1021,0,0,1,113040300,766300,14600,125601483
1020,3,133486700,6,22404500,618000,11200,0
1019,0,0,4,30280400,487700,9600,251095228
1018,0,0,4,26215400,619800,9600,116514121
1017,3,103756100,8,17004700,759200,14200,0
1016,0,0,1,127248600,1139500,16800,160113420
1015,1,400000000,2,67680500,510700,9700,18724752
1014,0,0,2,62646500,779000,11300,268322168
1013,0,0,3,38731600,1327900,16200,129106482
1012,1,108211900,14,6956400,323700,6200,0
1011,1,129960800,4,29240900,816000,14400,0
1010,2,196662400,11,9999400,255300,5600,0
1009,0,0,4,33118900,1282000,16800,271108458
1008,0,0,3,37173200,727300,12000,123911966
1007,1,113492400,5,20428400,351200,7600,0
1006,1,124749700,3,37424500,489900,10400,0
1005,1,111149300,5,20006700,449500,8000,0
1004,1,108151300,7,13905000,476700,8600,0
1003,2,136053200,6,21185800,584400,10400,0
1002,0,0,11,10121900,421400,7900,130866503
1001,1,400000000,5,24985100,585500,9400,7153015
1000,0,0,8,16056900,508700,9800,268345233
999,0,0,5,22610600,553700,10400,125615901
998,2,120240500,6,19795000,401400,7700,0
997,1,400000000,16,7763100,399600,7200,108513197
996,0,0,10,12282100,508200,9100,370501171
995,1,400000000,18,7496200,446000,8500,234031537
994,0,0,5,27679100,943600,14700,484104446
992,0,0,7,12311000,323100,5600,95753342
991,3,35920900,2,48492800,333400,8500,0
990,4,26701800,8,12015700,335300,7100,0
989,1,246688200,6,19836500,840100,12700,0
988,0,0,7,14713900,549300,9800,114443128
987,4,27898400,32,3138500,340400,7400,0
986,2,56736900,4,25531400,537500,10400,0
985,4,60289500,6,18820800,366200,7600,0
984,0,0,5,20823000,433800,8000,115684719
983,1,271689400,6,21520500,856000,13800,0
982,0,0,3,38465000,814500,13300,128218058
981,1,120197200,5,21635300,389800,8000,0
980,3,75206100,6,22026100,660700,10400,0
979,1,400000000,13,9727000,359500,6700,78776205
978,1,400000000,8,20054800,659300,11200,338273733
977,0,0,6,25241100,776600,13100,560007047
976,0,0,8,16874200,568300,10500,391731490
975,0,0,9,12306900,424600,8000,241737086
974,0,0,5,21359800,678000,12700,118666833
973,2,49737200,13,6886600,217400,5300,0
972,1,117796500,13,8155000,691400,11100,0
971,4,25715300,18,5143000,302600,6100,0
970,2,55926200,6,16777700,419400,7200,0
969,1,113134300,13,7832300,515500,9200,0
968,1,110911400,9,11091000,460700,8300,0
967,1,123100400,4,27697300,942800,13600,0
966,1,133072000,1,119763800,1072500,16600,0
965,2,126654500,6,20170800,362100,8900,0
964,0,0,3,35650400,994800,14400,118835741
963,2,64350000,10,11582900,812800,12900,0
962,4,29602900,7,15224200,395900,7500,0
961,1,115013400,7,14787300,360000,6700,0
960,2,61430200,11,10052100,391400,8700,0
959,1,135036000,7,17361600,668900,12000,0
958,2,59353800,6,17805900,545500,10000,0
957,3,86595800,5,25897300,506100,10200,0
956,0,0,4,26079900,458500,8100,115912032
955,1,267084300,4,32106900,653000,10700,0
954,0,0,3,37315300,633600,10800,124385476
953,4,30379200,5,21872800,397600,9100,0
952,2,143126900,13,9839700,462300,9100,0
951,0,0,3,37349300,465200,9300,144123227
950,1,400000000,9,15288100,548500,9600,19624312
949,0,0,7,18622600,759300,12200,266741384
948,0,0,7,15672300,541700,10300,121896967
947,2,61398000,5,22103000,650000,10100,0
946,4,29998800,8,13499300,506200,8300,0
945,2,59488300,3,35692600,484800,8100,0
944,1,129554500,5,23319600,508700,10200,0
943,3,87917000,6,22107500,686000,11900,0
942,0,0,9,11636500,302800,6300,116366306
941,1,121390700,8,13656300,520200,9100,0
940,1,272046600,4,34383000,859500,15300,0
939,0,0,8,13413400,383200,8400,119231853
938,3,40465900,14,7804000,427000,8000,0
937,3,89474500,12,10703500,558400,10200,0
936,0,0,7,16162200,491800,9800,125707844
935,2,58012000,28,3729300,244200,7300,0
934,1,125978000,11,10307200,670200,10200,0
933,2,62693000,6,18807700,366900,8500,0
932,1,276721400,3,45557900,942500,14700,0
931,0,0,3,37457700,588800,10700,124860306
930,1,137750200,12,10331100,826400,13900,0
929,5,43471100,10,13225400,572900,9500,0
928,1,400000000,5,31265300,852600,14200,70404713
927,0,0,6,24430000,596200,14000,296706788
926,0,0,3,40151000,835500,13800,133838035
925,3,97251100,6,23145800,805000,12500,0
924,0,0,4,30925200,970200,14800,137446611
923,2,68159800,6,20447700,827100,12400,0
922,2,342422300,7,20772900,543500,10200,0
921,1,400000000,6,28136100,623300,10800,523276110
920,0,0,10,16202200,742000,12200,735700073
919,0,0,43,3238800,485800,9300,555673063
918,0,0,0,0,814100,13200,400925200
917,0,0,12,9120500,472400,10000,121608804
916,1,115937100,13,8026300,324300,7300,0
915,4,100782800,3,47549200,596400,10500,0
914,0,0,0,0,842700,14400,244632508
913,2,60952200,6,18285500,783600,13300,0
912,2,64620500,8,14539500,811500,12800,0
911,1,118690300,20,5341000,370400,7500,0
910,1,109769800,5,19758400,345600,6400,0
909,1,121772100,7,15656200,521800,9300,0
908,1,119933000,3,35979500,436100,8000,0
907,5,49352900,12,9398700,347900,7600,0
906,0,0,13,8407800,478600,9100,121447115
905,2,131284900,5,25917100,582400,12100,0
904,0,0,9,11858300,476000,8200,118584306
903,1,113300900,19,5366800,275500,5800,0
902,1,269162200,13,10368900,745400,12500,0
901,0,0,25,4297800,304000,7100,119387020
900,2,63211900,8,14222500,612200,9800,0
899,1,115363100,7,14832200,415300,7900,0
898,4,31560700,6,18936200,244700,7900,0
897,3,89071400,12,10542800,353800,7200,0
896,0,0,1,113976600,460500,9000,126641809
895,6,19453800,14,7503500,178800,5200,0
894,2,229891000,5,30996800,499900,9800,0
893,0,0,15,8852200,522400,8500,287576167
892,0,0,4,31507900,1065000,17600,140036758
891,2,213055100,7,22258300,1027300,13800,0
890,0,0,7,16806600,415200,8000,252988536
889,0,0,5,22008100,691300,12000,122268699
888,1,122981400,2,55341100,795300,12100,0
887,1,114992600,7,14784600,539900,8700,0
886,1,120138400,14,7723100,500900,9100,0
885,1,269046500,7,19183700,861700,13400,0
884,0,0,17,6344300,387400,8200,119838550
883,1,118297900,8,13308300,605500,10400,0
882,1,262268600,5,26228900,560000,9200,0
881,0,0,12,8741200,345800,7000,116551216
880,2,140523000,5,25601700,411800,7700,0
879,0,0,3,41643400,1078500,15700,138812697
878,1,290609800,3,45669000,572800,9900,0
877,0,0,9,13837700,561800,11200,138378499
876,1,128626000,6,19293700,553400,8600,0
875,2,129788300,13,9319800,265300,5700,0
874,0,0,14,8032700,497900,8600,124955572
873,1,136319400,9,13631800,841200,12600,0
872,1,117975100,12,8848000,390800,7200,0
871,3,38178300,16,6442500,292400,6500,0
870,1,129034400,4,29032400,561900,9700,0
869,7,89021500,8,19709700,333100,6900,0
868,0,0,9,17432300,579200,11100,447951484
867,0,0,19,6870700,329100,7500,273626115
866,0,0,3,38572500,697700,10600,128576326
865,6,16727400,18,5018200,158700,3800,0
864,2,68694900,15,8243300,915900,13000,0
863,2,145531400,12,11677900,570000,9800,0
862,0,0,2,60909600,557900,10800,135355967
861,3,41471000,13,8613100,408400,8900,0
860,3,101556000,5,30285500,701500,11100,0
859,0,0,4,30692700,691600,11500,136413520
858,2,71353500,4,32108800,774400,13300,0
857,1,128078300,5,23053900,475300,8600,0
856,2,155268000,9,17613600,745900,12900,0
855,0,0,5,24191300,441100,10100,134397657
854,1,280741900,33,4030900,272300,6600,0
853,0,0,3,39881400,586000,11000,132939440
852,1,129224400,4,29075200,643100,10000,0
851,3,96122100,11,12114700,291800,6200,0
850,0,0,2,63132700,490300,12900,140296289
849,2,64046100,6,19213600,435000,8000,0
848,2,232909500,7,21991800,599700,9400,0
847,0,0,4,36614400,697400,11600,294769911
846,0,0,10,11883200,654100,10700,132037455
845,1,270730000,9,14440900,313800,6800,0
844,0,0,12,9473800,376800,7800,126319769
843,1,132563500,9,13256200,617100,9900,0
842,2,142963400,12,11661000,496800,9600,0
841,0,0,3,39133100,506700,9700,130444902
840,2,62492100,13,8652600,351500,7800,0
839,2,58819200,6,17645600,404600,6700,0
838,1,302484800,3,50239200,873700,14000,0
837,0,0,14,8679700,479600,11800,135019275
836,2,69974600,3,41984400,858700,12200,0
835,4,76167200,19,7637400,372800,7600,0
834,0,0,6,21514700,710500,12000,143432919
833,1,129867100,13,8990700,428900,7600,0
832,2,70326900,2,63293600,709800,12300,0
831,3,42071400,18,6310600,292500,6400,0
830,4,34145100,8,15365200,542300,9000,0
829,1,136213400,1,122590900,615500,11100,0
828,1,293783400,22,6495800,413200,8500,0
827,0,0,7,17356200,607400,9300,134993898
826,3,45122000,12,10152300,523900,8500,0
825,4,73795200,14,10242600,376500,7900,0
824,0,0,5,24452600,768100,13400,135848970
823,2,66918700,5,24090500,549500,8100,0
822,5,24735100,12,9275600,151900,5200,0
821,1,141089200,6,21163100,765700,11600,0
820,1,137493800,4,30935800,687400,11700,0
819,2,150045900,4,36110300,753600,11100,0
818,0,0,7,17948400,842200,12700,139600060
817,1,145727200,1,131153300,576400,13000,0
816,2,62452100,10,11241200,412500,7900,0
815,1,127087500,9,12708600,438500,8200,0
814,5,26254400,18,6563500,300300,6700,0
813,3,98109100,7,19632500,402200,7900,0
812,0,0,4,31866100,679800,11600,141628660
811,1,140999500,8,15862300,637100,10700,0
810,4,36263600,5,26109600,1037400,18100,0
809,3,107746800,5,31854300,672900,12600,0
808,0,0,8,16455200,698900,12800,146270097
807,1,291477000,14,9812700,344100,7000,0
806,0,0,1,124949100,578900,10900,138833615
805,1,140183100,8,15770400,669800,10300,0
804,2,150886900,3,45840500,793300,11700,0
803,0,0,4,33518100,812500,15100,148970728
802,1,128449300,6,19267200,429400,8000,0
801,1,145320600,4,32696800,610600,10200,0
800,1,131166300,4,29512100,442600,7600,0
799,7,58921400,24,6149400,211000,5100,0
798,0,0,0,0,539000,10300,248463449
797,2,68765900,12,10314800,506900,8400,0
796,1,121870200,7,15668800,403700,7300,0
795,7,73305200,10,17505800,441300,9400,0
794,0,0,5,31753300,747100,12500,318626275
793,0,0,2,63997200,645300,11300,142217329
792,2,70622000,10,12711800,463600,9700,0
791,1,149634700,5,26934000,800000,12600,0
790,3,102876700,12,12227300,375400,8600,0
789,0,0,7,18719500,686600,12600,145597887
788,2,65271100,17,6910900,380000,7400,0
787,1,130770500,4,29423100,475500,9300,0
786,3,97530200,17,8082500,431600,9000,0
785,0,0,11,11447700,640200,10600,139918477
784,1,142822100,7,18362600,471700,11700,0
783,1,140608100,5,25309200,663100,10300,0
782,3,48647800,5,26269500,757700,13000,0
781,1,147350400,4,33153500,736700,12100,0
780,1,134329400,12,10074600,431700,8100,0
779,2,72998900,3,43799000,565100,10200,0
778,4,32229100,20,5801200,323000,7500,0
777,1,146823800,4,33035000,483400,9000,0
776,3,45776400,7,17656400,310200,6800,0
775,6,56139200,18,9455800,476000,9900,0
774,0,0,10,13294400,450600,7600,147716863
773,3,168064100,25,6653600,287200,5600,0
772,0,0,11,13398900,424100,7500,319366210
771,0,0,4,35009600,889100,13500,155599643
770,1,154692500,6,23203600,645000,11200,0
769,2,71650300,12,10747400,537300,10000,0
768,3,166626300,12,14584100,460500,9700,0
767,0,0,18,8132500,385200,7300,305421962
766,0,0,7,18355800,575300,9600,142769195
765,1,143790100,5,25882000,522800,9000,0
764,1,152476300,11,12475200,751900,12700,0
763,4,36232500,8,16304500,559000,9200,0
762,2,66848900,9,13369600,327400,7100,0
761,3,45384700,4,30634400,310800,6300,0
760,2,76066200,6,22819600,912700,12800,0
759,1,150508300,9,15050700,442900,9000,0
758,3,48205400,6,21692200,624700,10800,0
757,1,158786500,8,17863300,567800,10000,0
756,1,135304800,5,24354600,402500,7600,0
755,1,357433900,4,44806100,739000,12600,0
754,0,0,7,20351800,522800,10100,158293668
753,1,153360100,8,17252800,437000,7200,0
752,1,148264300,17,7849200,359000,6800,0
751,2,170811100,6,28915500,581500,10300,0
750,0,0,16,8372700,597600,8700,148850413
749,1,147338200,6,22100500,474900,7800,0
748,3,54555200,8,18412200,386700,7900,0
747,5,35339700,9,17669700,477000,9200,0
746,2,89450700,6,26834900,644000,10900,0
745,2,81805900,14,10517800,327200,6400,0
744,2,85021400,9,17004100,538500,9600,0
743,1,166674600,8,18750700,490400,8100,0
742,5,34263800,10,15418600,466000,7800,0
741,3,62963200,12,14166600,365500,9800,0
740,8,22908400,16,10308700,412300,8400,0
739,1,189795600,5,34162900,508600,9600,0
738,3,63074300,10,17029900,451100,9300,0
737,5,35534000,12,13325100,336600,7300,0
736,1,195249400,7,25103200,750400,12100,0
735,1,191947900,10,17275100,607900,11000,0
734,2,90878300,8,20447400,654300,9800,0
733,6,31134100,20,8406100,257000,7400,0
732,2,105133100,6,31539600,368000,12000,0
731,2,98599200,6,29579500,488400,9300,0
730,3,66314100,6,29841100,563900,10400,0
729,2,98685000,17,10448900,509900,10200,0
728,3,63530800,10,17153100,384700,7900,0
727,3,143332300,19,11529200,536400,8900,0
726,0,0,7,23991100,727500,11400,186599329
725,1,380475100,8,28271700,632600,11200,0
724,1,400000000,11,26093600,765400,12400,129168839
723,0,0,16,11826100,571900,9700,210243965
722,2,374402800,20,13709900,712200,12000,0
721,0,0,12,18688100,749600,11700,444138139
720,0,0,2,87731700,708900,12400,194961175
719,5,84563100,15,14115500,514300,10100,0
718,0,0,5,33759500,718200,12100,187554507
717,3,63669600,5,34381300,855900,12700,0
716,2,86824800,10,15628300,389000,7700,0
715,4,43239100,14,11118500,246400,6500,0
714,2,91019900,17,9637300,543000,9800,0
713,8,25401100,8,22860800,623400,13000,0
712,4,141654300,17,12869400,335700,7000,0
711,1,400000000,17,15549400,505100,9300,323524855
710,0,0,6,35796100,704100,11200,429810925
709,0,0,7,24578400,692800,11900,191167589
708,1,184591000,7,23732900,509800,9500,0
707,2,95335600,13,13200200,431700,9300,0
706,4,111096500,13,17094700,582200,11500,0
705,0,0,4,44427900,715600,13200,197459384
704,1,177385500,7,22806500,642800,9200,0
703,1,245034100,8,23496700,661400,11300,0
702,1,400000000,11,19778400,664300,11300,36172490
701,0,0,3,58329700,976600,15500,194434345
700,3,54372900,14,10486100,421400,8600,0
699,1,178163800,6,26724300,542000,9200,0
698,2,93065900,2,83758600,550700,10900,0
697,1,188870600,11,15452900,660100,11500,0
696,1,182624000,12,13696600,655200,11200,0
695,5,33044600,20,7434900,271100,5700,0
694,2,199696300,11,16997900,424900,8200,0
693,0,0,4,43118000,612300,11100,191637654
692,2,90732700,8,20414600,529600,9200,0
691,3,134131500,3,4,57100,338700,8000
690,0,0,10,16397300,583800,9800,182194767
689,8,20094300,34,4255200,230500,5300,0
688,2,92819300,4,41768300,675000,11600,0
687,2,94843400,15,11381100,682800,11500,0
686,2,94737500,7,24360800,723000,12900,0
685,2,87878800,9,17575600,508800,8700,0
684,2,74642000,7,19193400,318600,6400,0
683,1,185848300,8,20907700,456100,10600,0
682,1,393430300,15,12413900,294700,7800,0
681,0,0,11,15261400,751600,11700,186530099
680,1,212106800,9,19465100,600600,10200,0
679,1,400000000,14,15063900,821600,13000,17453239
678,0,0,9,18312100,541800,10600,183123113
677,1,189220100,10,17029600,777000,11800,0
676,3,57166200,18,8574800,564600,10700,0
675,3,62855400,3,56569400,559400,10100,0
674,3,61634400,15,11094000,434100,8500,0
673,2,215521300,19,10945600,412400,7600,0
672,0,0,15,11997800,591600,10500,199965654
671,2,94581700,21,8106900,145100,5500,0
670,2,215544800,22,10256500,654000,10800,0
669,0,0,9,18037100,352900,7200,180372714
668,5,39100200,10,17594900,446300,10100,0
667,2,217956200,8,27917000,678400,13600,0
666,0,0,7,24140100,589400,11300,187758302
665,2,94049700,6,28214600,572200,9800,0
664,3,54823400,22,6728200,211200,5200,0
663,3,65429200,17,10391600,464800,9500,0
662,3,67698400,4,45696000,714400,13500,0
661,2,100065600,7,25730900,708600,11800,0
660,3,115495200,7,30830300,799300,11600,0
659,1,400000000,4,61223200,941800,15100,106692039
658,0,0,8,24882600,640400,12500,234586287
657,1,200000000,5,38412600,893300,15300,13405435
656,6,29744700,36,4461600,221000,5900,0
655,2,91563400,8,20601600,565000,9400,0
654,1,220075400,8,23525700,508600,10500,0
653,1,200000000,5,37971600,654600,10700,10955557
652,2,105070900,9,21014000,677400,11300,0
651,2,356844900,13,21235700,694500,11800,0
650,1,400000000,10,31073900,941600,14800,406949113
649,0,0,25,9210600,543900,9400,461680353
648,0,0,2,92621600,1084300,16300,205827665
647,1,193138200,18,9656800,391300,8500,0
646,2,91242400,19,8643900,423800,7400,0
645,2,99339200,2,89404500,599300,10400,0
644,3,145189300,12,17410000,455800,8400,0
643,0,0,13,14083600,923100,12300,203432373
642,2,217597800,16,13252300,485500,9400,0
641,0,0,12,14969600,695300,10700,199596984
640,4,45794500,13,12681400,357000,7800,0
639,3,73500100,9,22049800,975900,15100,0
638,3,64471000,27,6447000,386100,8700,0
637,7,103124900,26,10158300,346700,7400,0
636,0,0,17,12374900,430800,7300,428409654
635,0,0,14,12513600,611100,9800,194658716
634,2,100888700,19,9557700,511500,9400,0
633,1,195269800,14,12552900,467600,8000,0
632,3,154298100,16,14351800,627600,10500,0
631,0,0,10,18697100,692400,10700,207747957
630,1,223115200,23,8174100,517400,8200,0
629,1,200000000,10,19279400,628600,11900,14218330
628,4,56958800,16,12229200,419200,8200,0
627,1,200000000,8,23672500,590200,10100,10424389
626,1,190646100,11,15598100,402900,7800,0
625,13,16095600,7,26902500,284200,8000,0
624,3,155194100,23,9982000,292100,7200,0
623,0,0,7,27061800,601300,10000,210483046
622,5,38782000,10,17451700,386300,8000,0
621,1,327545100,12,18167400,360800,8300,0
620,1,400000000,14,18033500,427300,9700,85310686
619,0,0,12,15358800,706600,10200,204786165
618,2,115085500,5,41430400,799300,14000,0
617,1,217255800,19,9950800,393800,7900,0
616,1,200000000,9,20717700,419000,8600,7179695
615,2,97869700,27,6524500,367600,7800,0
614,2,102950100,11,16846200,607500,10400,0
613,7,66079000,11,19949600,222500,8400,0
612,0,0,4,49212100,777000,12600,218722379
611,2,99847700,8,22465500,700200,11000,0
610,7,60543300,15,13645800,366000,7200,0
609,0,0,6,29455200,581000,11000,196369972
608,4,49879600,9,19951600,477700,8400,0
607,3,63061400,27,6306000,280200,7000,0
606,3,70446700,16,11887700,337600,8100,0
605,5,41549700,7,26710300,423300,9300,0
604,2,107591000,20,9683100,589800,10600,0
603,3,226379100,15,17236000,502000,8400,0
602,1,400000000,23,13042600,587200,9200,391868219
601,0,0,13,17540800,714400,10400,458553485
600,0,0,3,61554300,600500,10400,205182997
599,2,216314000,12,17513800,439300,8000,0
598,0,0,9,19910600,511900,9400,199108103
597,3,54331900,14,10478200,414100,7100,0
596,2,103166100,7,26528100,475100,9200,0
595,5,93810400,14,16500400,650700,10500,0
594,0,0,8,23892000,688700,11500,212375624
593,1,197255100,12,14794000,647500,10500,0
592,1,191762100,17,10152000,436000,7900,0
591,2,114611500,18,10223900,543900,9800,0
590,1,200000000,9,22473900,1098200,14800,24741779
589,2,122477600,6,33595100,629900,10600,0
588,1,200000000,6,33147500,732000,11500,20985545
587,2,94929700,10,17087200,370100,8100,0
586,3,160511600,32,7557700,547500,9500,0
585,0,0,4,47882300,1094400,15100,212812345
584,6,74482300,19,11827700,380300,8100,0
583,0,0,3,59157700,747200,12500,197194180
582,4,50665600,21,8685400,371600,7900,0
581,3,66884900,12,14969900,661200,11300,0
580,1,200000000,9,20105100,640500,11000,1053505
579,2,213388800,20,10107600,368600,7500,0
578,0,0,6,30323900,615000,9900,202161370
577,1,231169700,3,64747600,664000,10500,0
576,1,200000000,8,24225700,631900,10700,15342210
575,2,112039700,23,7661600,328800,6400,0
574,1,400000000,13,17276400,670400,11200,28280571
573,0,0,8,20106900,824800,11600,178729671
572,3,71561100,15,12880800,736000,11600,0
571,5,39891900,14,12822300,633500,10700,0
570,2,239144300,8,30826300,632300,10800,0
569,0,0,11,16713100,626700,11100,204274190
568,2,258596800,7,37489300,793200,12700,0
567,0,0,10,19073800,478800,8400,225606974
566,1,200000000,13,14792600,480700,9900,13672968
565,3,63900800,8,21566300,543400,9100,0
564,4,52001000,16,11700100,355400,7800,0
563,2,97738500,9,19547500,796600,11300,0
562,3,67477800,11,16562600,335800,7100,0
561,2,127969000,13,16203300,765900,13100,0
560,1,200000000,12,16641300,577400,11000,21887100
559,1,196540700,7,25269300,472700,9200,0
558,2,120430500,6,36128800,977900,16300,0
557,4,49388600,7,25399600,470900,10000,0
556,3,70910400,23,8324100,344400,7700,0
555,2,104317600,10,18777000,856700,10800,0
554,2,228838200,7,34745600,766000,11800,0
553,0,0,16,10542800,277600,6000,187430365
552,3,71653900,11,17587600,872700,13800,0
551,2,111725000,8,25137900,935300,14000,0
550,2,123179400,7,31674400,717100,12000,0
549,2,103276900,16,11618500,428100,7700,0
548,3,131851000,23,10446800,420300,8400,0
547,1,400000000,21,11836000,605000,10900,128575535
546,0,0,12,18929700,908600,13400,252398526
545,5,43344900,8,24381300,363400,9600,0
544,1,291430300,10,24740800,820100,12400,0
543,1,200000000,6,32479200,823400,12600,16529901
542,2,148400100,19,14058800,454000,8400,0
541,2,147042700,15,17644900,569100,11300,0
540,2,135523300,20,12196900,479000,10100,0
539,3,100041200,25,10804300,449500,8000,0
538,6,47501800,23,11152500,215700,5100,0
537,4,82263100,30,9871400,518000,9400,0
536,3,106394100,19,15119000,480100,8100,0
535,2,158577900,27,10571700,399200,7100,0
534,3,260126800,24,16585800,587500,10500,0
533,0,0,15,20285000,622000,11500,338087603
532,4,84134600,10,30288200,845200,12900,0
531,4,78364400,39,7233500,361600,7600,0
530,2,147676000,5,53162900,670100,11600,0
529,3,113263900,12,25484100,708400,11500,0
528,3,108386000,23,12723400,482300,8500,0
527,12,26477800,21,13617000,350800,7200,0
526,6,50949600,23,11961900,457200,7500,0
525,2,164193200,12,24628700,500900,9000,0
524,3,111882600,17,17769400,605100,10700,0
523,2,254076500,10,35334200,728500,11800,0
522,1,200000000,26,10922600,437400,7300,115546724
521,3,108565700,15,19541600,411800,8500,0
520,2,390605500,13,28448700,560300,9100,0
519,1,400000000,13,29071700,529800,9900,370281518
518,0,0,330,955500,778500,15900,350353170
517,5,63548100,21,13617300,465600,8000,0
516,7,47592700,17,17637100,472100,9600,0
515,2,158927600,10,28606700,519300,10300,0
514,4,162511800,16,23890600,716700,8500,0
513,2,400000000,22,20622800,557800,10300,225321048
512,0,0,15,23500600,726800,12100,521203478
511,1,200000000,16,18535400,601100,11000,129522708
510,2,165406800,9,33081000,775000,12700,0
509,8,33283400,21,11411300,318800,6300,0
508,2,160256700,18,16025500,563700,10700,0
507,5,94246300,26,12669000,375000,10000,0
506,1,200000000,14,19621900,420400,8500,105233732
505,2,173454100,9,34690500,672600,12200,0
504,2,389247400,10,39587600,632500,10900,0
503,0,0,11,27705600,838700,11400,338627846
502,3,112499300,20,15187200,553100,9900,0
501,3,250666200,36,10556000,451500,8500,0
500,0,0,21,14132000,649800,10700,329751773
499,5,61831300,15,18549200,276800,6600,0
498,3,122945500,6,55324900,881200,13300,0
497,2,168004700,13,23261900,593900,10600,0
496,2,174851300,15,20981900,624200,11100,0
495,2,172205100,15,20664400,575700,10700,0
494,2,275247400,31,11251900,507300,9300,0
493,1,200000000,11,29693400,865200,13600,162923672
492,3,112832800,31,9827200,247800,7900,0
491,2,175121000,10,31521500,607100,10500,0
490,9,38002200,21,14657800,355100,8200,0
489,2,165569500,14,21287300,430300,9000,0
488,6,95637700,10,38775600,732700,11900,0
487,1,200000000,20,15434000,509500,8900,142982442
486,2,183823800,18,18382200,759100,11000,0
485,5,169451600,19,22757000,574500,9600,0
484,0,0,15,22009400,650500,11400,366827066
483,5,117617400,20,18129500,430800,8600,0
482,1,200000000,13,26667800,810900,12200,185205326
481,7,52528600,24,13788600,461700,9100,0
480,5,162529400,26,16565200,480300,9400,0
479,0,0,23,13073000,525200,8600,334091926
478,4,97985600,22,16033800,551800,10000,0
477,2,185142100,10,33325200,740500,12400,0
476,5,69405900,21,14872500,471400,8800,0
475,5,66677900,19,15792000,510700,8600,0
474,4,84734500,10,30504100,574600,10100,0
473,4,86978400,13,24086100,540600,9800,0
472,5,108556500,33,10762700,409400,9400,0
471,1,200000000,29,10804300,483200,9900,148143871
470,3,190687700,18,20823600,444800,9400,0
469,1,200000000,22,14546600,633700,10200,155586703
468,6,96632000,20,18813600,578100,11000,0
467,1,200000000,15,21702200,849200,13300,161707398
466,2,282223000,18,20534400,829000,13100,0
465,1,200000000,32,9949200,606400,11100,153752840
464,3,115943100,21,14906800,410500,11400,0
463,2,302909200,14,28016500,575400,9900,0
462,1,400000000,17,21944700,579100,10100,170002065
461,1,200000000,23,13910200,734000,11800,155487414
460,2,181193700,21,15530700,742600,11600,0
459,5,66346300,42,7108400,459300,8600,0
458,2,389430700,20,19004800,665800,11600,0
457,0,0,8,40109000,787400,13600,356528307
456,6,124171600,24,15005200,328800,6800,0
455,0,0,5,62079200,852300,13200,344887602
454,2,172374800,20,15513500,575400,10200,0
453,4,139198600,25,14468400,466200,8600,0
452,1,200000000,15,21293200,655100,11500,154890181
451,3,115968300,16,19569400,559100,9800,0
450,2,187581700,14,24117400,1023100,15300,0
449,3,267032600,16,25781200,724700,11900,0
448,0,0,7,44068800,668100,11100,342760382
447,4,88208400,11,28867900,618500,12100,0
446,8,38559600,22,12619400,289600,6400,0
445,3,121570500,23,14271200,733400,12700,0
444,7,46888600,27,10940500,360600,7900,0
443,3,119517000,22,14667800,579600,10200,0
442,2,307923300,18,21654100,827800,12900,0
441,1,200000000,18,19137800,784300,13100,182760744
440,2,290149600,25,14622000,612600,9400,0
439,1,200000000,16,21044500,705100,12300,174128470
438,3,180663800,14,25193200,445000,8200,0
437,1,200000000,16,19692500,545500,9800,150092785
436,12,28645400,37,8361200,307300,7100,0
435,5,68935600,45,6893500,240700,7100,0
434,2,177908600,19,16854300,433700,7900,0
433,2,311043700,26,14741200,462700,8700,0
432,1,200000000,15,23773300,731400,12600,196225409
431,5,80148800,21,17174500,607000,11000,0
430,9,45402100,17,21632600,461100,10800,0
429,6,124626900,39,11241000,409400,9000,0
428,2,400000000,20,25168300,835400,13500,260645829
427,1,400000000,23,20406200,533800,8900,501345283
426,0,0,16,21366100,621500,10500,379846586
425,3,126522400,23,14852500,677500,10700,0
424,5,73205100,22,14973600,510700,9200,0
423,7,54458300,12,28590300,547400,11900,0
422,6,175377500,27,16483000,484600,8500,0
421,0,0,17,21128600,546900,9100,557769048
420,1,200000000,16,20174900,578100,12300,158669748
419,6,56856200,22,13955400,412100,8400,0
418,5,68409400,21,14659000,367200,7700,0
417,7,47161500,18,16506300,402400,8100,0
416,4,83817100,37,8155100,480200,8400,0
415,3,122294100,14,23585000,904600,11900,0
414,9,37013100,42,7138100,174600,5300,0
413,2,176762900,23,13833400,440800,8400,0
412,2,174393800,13,24146600,369300,6900,0
411,2,320327800,20,19855500,679700,11600,0
410,1,200000000,14,25676500,1000800,14700,199416745
409,6,88449700,44,7912100,279000,6200,0
408,1,200000000,14,22106300,484800,9000,143879862
407,3,250783000,15,24180100,420900,8200,0
406,0,0,13,24185000,814800,11800,349343178
405,2,175637000,26,12159300,477700,9000,0
404,4,139117700,31,11478400,522600,10000,0
403,1,200000000,21,15475500,589900,10000,161098341
402,2,177704700,16,19991600,475600,8200,0
401,8,46775300,15,22451900,515400,9800,0
400,4,91116600,31,10581100,345800,8600,0
399,5,130837500,20,19774400,511900,9200,0
398,1,400000000,15,27280400,104030,16600,214752039
397,1,200000000,13,24928000,667000,10500,160074643
396,6,235393800,57,9466900,498100,9800,0
395,0,0,11,37036400,932900,13800,812785066
394,0,0,7,46299800,805200,13100,360112917
393,2,173104900,13,23968100,479300,9300,0
392,6,56764100,38,8066400,399800,8300,0
391,3,114851700,15,20673100,524100,9100,0
390,4,228987890,13,24889300,489600,9900,0
389,5,69907800,26,12099300,683800,10000,0
388,2,178489700,24,13386600,594000,9700,0
387,4,92433900,27,12324400,532400,10200,0
386,7,84544000,39,8685100,349400,6800,0
385,1,200000000,14,26707200,101510,16700,215450404
384,2,315257400,14,30435900,749700,12500,0
383,1,200000000,18,17852900,391400,7000,157062818
382,5,114571210,31,4864500,586300,10900,0
381,1,400000000,27,15403100,476200,9000,216556788
380,1,400000000,13,32601500,965000,13500,154457620
379,2,400000000,36,12746400,481700,8600,83541865
378,0,0,17,19782900,679400,11200,373680466
377,3,229941100,17,24385200,512300,9600,0
376,1,200000000,13,29714200,807500,13500,229208996
375,7,85281700,27,14123000,455300,7800,0
374,1,200000000,8,41993100,656500,11800,173275826
373,2,183116900,13,25354400,618900,12200,0
372,7,49670900,44,7111900,419500,8300,0
371,2,187511200,16,21094800,603600,10500,0
370,3,122240300,12,27503800,698500,10400,0
369,2,175763000,24,13182100,353400,6600,0
368,7,162710200,50,10175800,515200,9700,0
367,0,0,15,25449900,683700,13000,573641861
366,1,200000000,13,24194000,789500,11700,149473061
365,8,65370900,30,11982100,453500,9200,0
364,1,200000000,17,17129400,426600,7900,123559186
363,4,135647000,20,17396800,411700,7400,0
362,1,400000000,28,12880600,509700,9300,155988946
361,1,200000000,14,22837500,113510,15500,155254196
360,3,110951540,23,2856000,560500,9100,0
359,7,44620000,22,12777400,374800,7300,0
358,5,74317800,12,27868900,115980,16600,0
357,2,159167600,22,13022600,550900,8300,0
356,8,57225400,50,5912800,266100,5900,0
355,1,200000000,9,32930700,693200,11600,129310297
354,4,86609200,14,22270700,711300,13100,0
353,3,111962100,23,13143200,526400,9100,0
352,2,168600600,28,10838500,501600,8700,0
351,3,122807000,9,36841700,732700,12000,0
350,5,117204300,41,9434400,534100,9300,0
349,1,200000000,23,13939100,716400,10700,156226705
348,4,83409800,30,10009000,452600,8600,0
347,2,175074200,14,22509300,720200,12000,0
346,2,275055600,35,10004800,479100,7700,0
345,1,200000000,11,29538700,742600,11600,161031732
344,7,47837300,27,11161900,368200,7600,0
343,3,122221000,18,18332900,733300,11900,0
342,7,47713500,27,11133000,289400,6800,0
341,2,167679400,15,20121300,610700,10600,0
340,3,125206400,18,18780800,606300,9900,0
339,4,144874000,24,15779200,631100,9400,0
338,1,200000000,13,24833700,567200,9700,158712142
337,2,286729500,16,24247800,734300,11600,0
336,1,200000000,33,9337600,330100,7900,142382016
335,2,176764900,22,14462400,527300,9900,0
334,5,127946200,21,19110900,740900,10400,0
333,1,400000000,24,16005600,658500,10000,193805491
332,1,200000000,27,12232700,584500,10500,166985277
331,21,16619900,42,7478900,221800,6600,0
330,5,69426800,47,6647100,363600,7300,0
329,5,71021800,41,7795000,386200,8000,0
328,7,49885200,29,10837000,383600,7100,0
327,6,61984500,23,14552700,412300,9000,0
326,6,60713700,23,14254300,478600,8800,0
325,5,71887400,21,15404300,412900,7700,0
324,4,64827500,5,46675400,400000,8100,0
323,8,45430600,36,9086000,300000,6600,0
322,3,144517000,13,29670500,828000,12400,0
321,2,200000000,5,72894400,101470,15800,4972560
320,4,91305900,62,5301500,491800,8800,0
319,7,122102000,22,20587100,551700,10600,0
318,0,0,18,17573200,578600,9900,351468038
317,7,54347200,16,21399000,492000,9700,0
316,4,97231600,47,7447400,383500,9000,0
315,5,80557100,8,45312900,605800,10900,0
314,4,100991800,19,19135100,463100,9400,0
313,3,143877200,14,27747500,820700,13400,0
312,10,89457600,28,16761900,485900,9900,0
311,1,400000000,17,28417700,744100,13500,373090476
310,1,400000000,31,13160100,455400,8000,236306765
309,2,400000000,22,24099500,110070,17200,183009018
308,0,0,20,17725400,427500,10400,393902973
307,6,251095100,72,11057400,728700,11800,0
306,0,0,17,24616600,988500,16500,621967283
305,1,200000000,31,10363900,898600,12200,156982123
304,7,105413200,44,8112300,288200,5400,0
303,0,0,12,25596100,784200,11800,341285528
302,2,177884000,10,32018800,817500,13300,0
301,28,18472800,24,13833000,175000,5100,0
300,1,400000000,27,13234000,501500,9400,148357187
299,1,200000000,16,19762100,717200,11600,151330859
298,5,175332300,19,25138600,827000,14000,0
297,0,0,18,17297400,618500,10500,345952300
296,4,86071800,31,9995300,612500,10000,0
295,2,178474100,11,29204600,731500,12100,0
294,3,192565900,20,19246200,583200,11200,0
293,1,200000000,9,34999700,509400,10000,150000456
292,6,58877300,20,15896700,296200,7500,0
291,2,321480300,18,23851000,923200,15400,0
290,1,200000000,14,23524100,597800,10200,165935026
289,3,107375300,17,17053500,443100,8200,0
288,11,81646100,29,15578900,324600,6400,0
287,0,0,8,44562500,780600,12700,396114792
286,5,75107400,29,11654400,645800,9300,0
285,7,52459200,19,17394200,450100,7700,0
284,6,215518000,12,54296000,911200,13700,0
283,0,0,24,14911100,514300,8900,569155297
282,1,200000000,15,22291000,928700,13300,171519931
281,16,35304900,30,12469100,430300,7900,0
280,1,200000000,24,13096300,570600,9900,149238699
279,8,41770000,31,9701300,427000,7700,0
278,4,146432500,37,10454100,480500,9200,0
277,1,200000000,18,17796900,528000,9800,155943073
276,2,161097700,7,41424700,334500,6100,0
275,3,123320300,13,25612400,629200,10800,0
274,6,58469500,20,15786600,433000,8400,0
273,2,387920800,18,25643800,715600,11800,0
272,0,0,5,47332200,517200,8400,262959262
271,2,181185700,12,27177600,785800,11800,0
270,4,85350100,17,18073900,617600,9200,0
269,3,116598700,19,16569100,586600,9900,0
268,5,65174700,30,9776100,372400,6600,0
267,6,58511500,21,15045700,324600,8500,0
266,8,40409400,38,7656400,315900,5100,0
265,5,242164500,63,9991700,403000,7300,0
264,0,0,22,15991200,459800,8900,511391329
263,1,200000000,8,36054700,618000,10600,120489556
262,5,62629500,27,10438100,349700,6700,0
261,6,54815100,27,10962900,527700,10100,0
260,9,34541200,30,9326000,228500,6200,0
259,21,22911800,75,4595500,221500,8300,0
258,1,200000000,17,15786000,505500,8400,98183285
257,2,157898300,23,12357100,532900,10100,0
256,2,151371100,14,19461800,588000,8900,0
255,4,80324400,9,32129500,696700,11400,0
254,4,121926400,15,21754100,383500,8500,0
253,1,200000000,9,32513100,869100,13800,125134321
252,3,102828600,27,10282700,663600,11000,0
251,4,73942000,19,14009900,377500,8800,0
250,3,102354500,17,16256100,696600,10900,0
249,3,104654700,12,23547100,571800,9900,0
248,3,102052700,22,12524500,471000,8400,0
247,2,163484400,23,12794300,459100,8600,0
246,2,173662500,15,20839300,694600,12900,0
245,7,41996300,52,5087900,214600,5000,0
244,2,166561100,24,12365100,476000,7800,0
243,2,400000000,11,39961800,962500,17300,3380993
242,0,0,13,21804200,725200,12200,314953610
241,4,73985600,28,9512300,347000,7700,0
240,3,99489600,16,16788700,456500,7900,0
239,7,41395900,24,10866300,238300,5600,0
238,4,82060000,33,8951900,423000,8600,0
237,3,92756600,12,20870000,433600,8500,0
236,2,170375000,13,23590100,901900,14200,0
235,3,107700400,19,15304600,635600,10100,0
234,3,110799800,25,11966200,604300,9000,0
233,3,252078300,27,14499300,677800,10400,0
232,0,0,14,20651600,774400,12500,321250560
231,4,78093700,23,12223200,656300,11500,0
230,167,1814700,29,9405200,309600,7600,0
229,3,103016200,17,16361200,403100,7700,0
228,4,75758600,18,15151500,358400,7400,0
227,9,59350200,34,9939100,358500,8800,0
226,1,200000000,4,80699600,141370,18300,158668297
225,4,127130900,12,29047900,674600,11100,0
224,1,200000000,6,48181700,707900,10200,121214401
223,4,84933700,18,16986500,568800,9400,0
222,4,84878500,31,9856700,526000,9400,0
221,3,320380000,34,14112200,592300,9700,0
220,0,0,29,9483800,555600,10200,428004419
219,1,200000000,9,32240900,108130,16000,122412467
218,5,55485900,56,4458600,282300,6100,0
217,4,74449600,13,20616600,432200,7400,0
216,3,108838100,14,20990000,733100,11900,0
215,4,80653700,14,20739300,425900,9100,0
214,3,155943200,20,15718100,364400,7600,0
213,1,200000000,16,17917300,427300,9400,118533875
212,2,241846900,11,30913000,558200,10300,0
211,1,200000000,11,25025000,486400,9100,105864743
210,2,390786900,34,12373000,775400,14000,0
209,0,0,10,28272500,980500,13300,314141705
208,2,332831600,30,11471300,357800,8700,0
207,0,0,12,21245900,453200,9600,283282291
206,2,148159800,13,20514200,727300,11200,0
205,3,87669500,26,9104000,521100,8400,0
204,2,150342700,11,24601300,487500,10900,0
203,3,97543500,17,15492000,603100,9600,0
202,2,212108900,23,12924800,523800,9600,0
201,1,200000000,17,15559900,590000,9800,93913560
200,6,42904300,28,8274300,237200,5600,0
199,16,25199600,23,12158600,361600,8000,0
198,1,200000000,18,14623400,759200,12000,92471147
197,7,37492700,20,11810100,319500,6100,0
196,5,57127200,16,16066900,431400,8300,0
195,2,149103500,14,19170200,497000,8300,0
194,3,249322600,13,28692900,497800,9400,0
193,0,0,14,21439700,777900,12700,333510049
192,12,70108900,21,18821500,336300,7300,0
191,0,0,8,38670700,482700,9300,402133773
190,1,400000000,16,18773700,446600,8000,58390423
189,1,200000000,3,97388900,982000,18700,124632575
188,10,27662200,48,5186600,300200,6300,0
187,4,111906100,20,15444000,512600,9700,0
186,1,200000000,13,21075000,569700,10000,104420387
185,2,149621200,12,22442900,512100,10300,0
184,3,252447300,20,19347800,737000,12000,0
183,0,0,10,29464400,971300,15300,327385446
182,3,108364000,8,36572500,692400,11800,0
181,4,78004400,28,10029000,546100,9700,0
180,2,136457500,20,12281000,460500,7000,0
179,3,95437500,28,9202800,430000,8600,0
178,6,47741800,18,14322400,344500,7000,0
177,4,74875100,22,12252100,465400,7700,0
176,5,62011300,16,17440500,521500,9700,0
175,2,244241500,12,27232100,577500,9800,0
174,1,200000000,11,26622100,658000,11900,125385155
173,7,43030700,46,5893200,373400,7600,0
172,9,33745300,40,6833300,213100,6800,0
171,6,51417700,26,10678900,391000,8000,0
170,4,75230300,21,12896500,463600,8400,0
169,3,176290100,46,6897000,400700,8000,0
168,1,200000000,5,67742800,993700,17400,176352642
167,3,174050500,4,87417200,881500,12400,0
166,1,200000000,6,50043500,688900,12100,133626797
165,2,146957800,17,15560100,404300,7600,0
164,5,66335100,15,19900300,637300,11700,0
163,5,142049400,29,12675900,401000,7400,0
162,0,0,10,27161400,437500,8000,301796845
161,3,113803800,14,21947600,888400,14000,0
160,2,380265800,14,28028100,659400,12100,0
159,0,0,22,13276200,706600,12100,324533948
158,2,328563300,5,73117900,838800,12800,0
157,1,400000000,31,10448400,335600,6600,250912445
156,0,0,6,43652500,709400,11900,291019816
155,6,42285800,13,17564700,431500,6700,0
154,7,35014200,26,8484100,217600,5400,0
153,6,43090900,20,11634400,277000,6200,0
152,5,55086200,15,16525400,420100,7400,0
151,7,39224600,12,20592700,308800,7100,0
150,2,149826700,12,22473800,717500,11700,0
149,3,95559500,14,18429100,556800,10100,0
148,3,119125300,21,11653300,466100,8000,0
147,1,200000000,34,7556300,592800,10000,85463241
146,21,13944100,31,8501300,133800,6000,0
145,2,360495400,19,19190200,691200,11200,0
144,0,0,9,31585700,763100,13000,315860676
143,2,149820700,6,44945800,539300,9600,0
142,4,76211200,17,16138700,658400,10600,0
141,5,60720900,6,45540300,557600,11000,0
140,2,146136000,18,14613400,698300,11800,0
139,3,95226100,15,17140500,487400,9000,0
138,2,146219800,21,12533000,477800,8600,0
137,3,103964400,8,35087700,697300,10900,0
136,2,155571800,17,16472100,532500,9300,0
135,2,161139000,20,14502300,644500,11100,0
134,5,93700700,29,10558400,320300,8600,0
133,1,200000000,7,42207500,645700,8900,128284143
132,4,236257900,15,27823000,530500,9800,0
131,0,0,6,57762100,118820,19900,481310551
130,1,400000000,9,38884300,140920,19800,96226445
129,1,200000000,11,25149000,595900,10300,107379873
128,3,140907200,9,35305400,710000,12800,0
127,1,400000000,21,15192300,868100,11600,69664311
126,1,200000000,9,31517000,761400,10400,115172879
125,6,121122400,14,26020400,562600,9300,0
124,0,0,17,17045200,561700,10900,321968723
123,3,244266200,16,24278800,100030,13900,0
122,1,400000000,18,20786700,636800,11100,301170783
121,0,0,19,13520300,528700,9400,285431235
120,2,143793600,16,16176600,541100,9700,0
119,5,52449800,17,13883600,340400,6900,0
118,7,43286000,15,18179900,532900,10800,0
117,2,228456200,13,24865600,607000,11300,0
116,1,200000000,14,19140100,582500,10200,97738341
115,3,87704500,22,10763600,377800,6800,0
114,3,96073000,16,16104500,371600,8100,0
113,1,400000000,8,35037200,745800,11200,1913571
112,1,200000000,14,18672700,555200,10000,90468272
111,6,135843900,20,19518400,661600,11700,0
110,0,0,8,34806800,686100,11700,381315724
109,1,200000000,23,10640200,568000,10000,71918699
108,4,84243100,8,32487600,621200,9300,0
107,1,200000000,15,14891300,393600,7000,48191186
106,2,128251100,12,19237500,513900,8500,0
105,2,137026100,16,15415300,650400,11300,0
104,6,42082300,18,12624500,333300,6700,0
103,3,89200800,15,16056000,497400,9400,0
102,4,103928500,36,7538900,355500,8900,0
101,1,200000000,14,20195400,137920,18800,114154706
100,11,38560400,35,8231300,328000,7200,0
99,1,400000000,23,12326200,472500,8200,104053862
98,1,400000000,9,35235100,820100,12200,189047171
97,0,0,4,53255200,570500,11300,236692230
96,2,128990100,8,29022500,666500,11700,0
95,5,43829200,13,15171500,281400,5300,0
94,3,129048500,8,33335800,744200,11000,0
93,1,200000000,4,65434800,107190,13900,90824312
92,2,327322500,13,26445300,539900,10400,0
91,0,0,6,40897500,817900,13900,272652637
90,2,138036100,9,27606900,871700,14000,0
89,7,37734400,14,16980300,164500,8500,0
88,4,64721700,14,16642600,680200,12000,0
87,3,91415900,7,35260100,630100,11500,0
86,14,42353400,27,11570800,209000,6300,0
85,0,0,22,10056100,367100,6300,245818952
84,17,15692300,8,30011300,370300,8400,0
83,1,338040600,12,21270400,520000,9600,0
82,1,200000000,18,12721500,450400,8500,54432400
81,3,82115000,24,9237800,413700,6900,0
80,1,361173200,14,17742700,430100,6000,0
79,1,200000000,10,25665300,133900,19500,85172896
78,7,38856500,25,9791700,302800,7500,0
77,3,86328300,14,16648800,601500,8500,0
76,3,82365800,10,22238500,578800,9100,0
75,3,87271200,14,16830700,466500,8000,0
74,3,216697800,22,15656100,456200,8100,0
73,0,0,11,21876800,508400,10200,267385456
72,3,89058400,7,34350800,443200,9800,0
71,3,93395200,27,9339400,552100,11100,0
70,1,381471200,22,12408600,626300,8600,0
69,1,200000000,9,27814200,115090,16100,78145012
68,4,65075000,6,39044600,449700,9900,0
67,5,47129400,16,13255000,282400,6700,0
66,6,45395000,11,22530100,575200,10200,0
65,2,138826100,11,22716800,684600,12500,0
64,4,63574100,15,15257600,554800,9900,0
63,3,86096500,30,7748600,502600,10200,0
62,5,47591800,11,19469200,367100,7200,0
61,1,338406300,22,10722500,491400,9100,0
60,1,200000000,5,49733200,115210,17100,76297900
59,3,87561500,9,26268200,614000,11500,0
58,2,116836200,18,11683500,457100,7700,0
57,14,17755700,38,5887300,248100,7300,0
56,2,293594800,22,13532800,497500,8500,0
55,0,0,8,26893000,817000,12500,256384594
54,1,200000000,35,5588500,487900,8400,17333248
53,6,36518100,41,4809600,262900,7700,0
52,3,72304100,19,10274700,404500,8200,0
51,7,29184600,11,16714600,268700,6400,0
50,4,48427800,19,9175700,254200,5500,0
49,2,118591400,4,53365600,656800,12200,0
48,3,76260300,7,29414400,667700,11000,0
47,5,40002200,15,12000500,387800,6900,0
46,2,111752700,7,26873200,964600,14200,0
45,1,200000000,11,17548900,701900,12600,14489512
44,3,74421300,6,33489200,538200,10800,0
43,3,75848800,9,22754400,619000,12100,0
42,2,134394100,26,8051100,403800,8100,0
41,1,200000000,3,70858500,577100,9200,36197335
40,2,118547100,18,11854600,430300,7900,0
39,8,67318200,21,12536100,322300,6800,0
38,0,0,2,110713600,664200,11600,246032418
37,3,88178700,13,15767000,374900,7600,0
36,1,200000000,7,30443900,772500,12200,36788358
35,1,282373700,10,21707500,638400,11000,0
34,1,200000000,23,9437200,102540,13300,41176145
33,2,117951800,38,5587100,380200,8500,0
32,2,122160100,15,14659000,645100,9900,0
31,3,176674900,18,13597800,594500,9700,0
30,0,0,7,33179400,753200,10500,258064512
29,9,57338900,96,2606200,173600,4800,0
28,0,0,3,71412900,734500,11600,238045160
27,1,282187900,9,25109400,608000,9900,0
26,1,200000000,4,51994900,693200,12300,31090737
25,2,147444200,3,77942500,109600,16700,0
24,1,200000000,7,30223900,104040,14000,35077560
23,2,123831800,15,14859600,900500,13500,0
22,2,246918300,21,11523600,396100,7000,0
21,0,0,8,25306400,365300,7900,224948364
20,2,123069600,7,31646200,103430,13500,0
19,2,125271100,10,22548600,593300,11700,0
18,4,130218200,17,14382000,435300,8100,0
17,0,0,7,32040800,128770,16600,249208924
16,4,114690000,7,32944200,593800,9800,0
15,0,0,11,16570000,514600,9800,202524583
14,1,141844600,2,63829500,705900,13100,0
13,3,90075800,30,7301800,554500,9000,0
12,1,400000000,30,7258100,465700,8200,26830542
11,1,400000000,9,28834200,943600,12800,184889411
10,0,0,11,19637700,760100,17984,296543942
9,1,400000000,14,16051500,492000,9200,56524796
8,0,0,2,93073600,122060,19000,206832135
7,1,348644800,12,16797700,497700,9000,0
6,1,400000000,5,46923800,357700,6800,124672751
5,0,0,9,13516100,565700,7800,263982587
4,0,0,3,38645500,1038200,14100,128819603
3,2,121348100,8,15762800,922700,14100,0
2,0,0,7,13188800,568100,11500,102580607
1,2,45513600,2,40961900,375200,6900,0
